{"file_hashes":[{"block_hashes":["RgNL3xgfvfheasIIDNPPGzYKmODSmstdGL3gTxfMIlQ=","ZmA2KwYIj3uKSKc1zu23+2FtoHQhq/TiNI9wrvG3bck=","+d1XJpZgLsjRMSiUWElnHZt93svxU9fmYsc8tJcoVlM=","p4i0nTJddnVU3/WuOwBQs+W2xw2dUK51qRgAX0lw3Bw=","tLYQTHi5L5p3exa5INs8yuAKEN25dkwV/i3md4U5doM=","6qwBvem1c+rIXMey8NrkIiyF+0CBWyaQ16ONVc4QtyA=","/m4vC2DIyEo/YUtXqqvxcqRJpWtqyjQBbKIoSkL/iz0=","qRMFA2EhlfcaW7HJN6Sh11SXR91kZxlHe2+CQOmDe70=","+8pPwa3qU6Zav8Wo5LzJDxdMciCa8tckdPr2vLLJoSE=","OPgJ3nfaLnpKWXO31uqdIRPFAkx6etVrpx08nC5xOu4=","8ufv5jqPaidLCL07vRTvc0X0KhGcmC5bNRBkYfWNLjE=","grrP9UYcLi0jLZqseF58V+66LhP8xDGDhxtZOwuRdxw=","FLDK7y2eGiBlqqr3aQ2PP2j71K6gV+H2S3OWJzkXK48=","dsd88pkECUDL5oNTxuVfxIc6b3GUH3W0eT+hJ7vwj+k=","f3ritPd8L1SL4v/b3hUhEHOm3szLB/SSuWN3IsD7quc=","UoRDihI/7aiJU0zBR2Argck10SYohLo0fxJkH4YFMLg=","OrlnKyPUs8QFzKF6KdLIIH/9JI/GBsoqrV2I49dpvdA=","+Xa/bxy8x9pmAMMoxaCjhf8u1gE1BpqVgym/d03C2YU=","+WciLfYLplaQ8+o+ZlspNMs4w7k/Gjahn+90rSSBw3g=","nJ8ZAgVn4S32XpeWYPGv0OzGN/waQff1iBJzLVQxjzU=","gaYmZX/izwN9eZy40ZmNudIfj3Q8D/VcUx0t2u/3SpU=","8GxeceVMxf7b/c3d+vsfLX/VscDrAnqD1Ah1OvR53z8=","ZOWjEDRwoXmTTKAU2E3MYW7muMhbKE04ViidSBs+42s=","yVUlSzrX8RT/G4t5IFcvckmATiDCBOxpVGIzQUT6YhU=","44vII6QOU84hkXfW91O+VEM4IW7PJEfmDF7GZqu1HuU=","nRYqIkbj2mQlXP1dkDlJw/rLTLfSpG7NqOfx8VQxA1Q=","yOUof4dR+riuxeDD0Q6LmeQK89oeME+VfdMazKM+LnM=","kd433vYjkUC5pufBbmL+fwtyF04JBsz9GQO+5Mg9yIU=","kRfNm9xl6xOoDS3fbKvlGMoOOSuex8jcbThIq9pOnYM=","E6dhoCqVOO9ekGrY1DxGxN4fSY6OSErsaj1rwyNQy1U=","/jPF/nlTafC/Bo6DxKWCpeTLNnL7LUGlFuLQMBHuv7E=","1CEd+nuwFjhQxB6vtZN6bPnUS4wlkv/3Q8XyYmXkvi8=","xQy0KBs8s0wBZySUljvA0FtvUPahV2h7VQ8XyMW0rR0=","yZigj4BsmrXG2mhZ0Kg8fP/DQmyWKF1E9Hp7TBZaX80=","NVYfEVvO15swNhOvPb1DD9ffFRQmXJsjK414nPzMj30=","f66Zez/RF5k7gBRVmFCMMoVJcbA4SUE7T7dk/8X2huY=","09Fver40Kjz0T82udSfBoPzFv/P61qn+Ti+qhTh4QXI=","GQcfQk3JKMF9Sc/bEn2/XGND66nv4USkkZuYuPAdZFA=","Q38n1AsycXFsitEe328DdeIpeZ+kUSSzQS2LpFzTotQ=","pZVs+VStaAL6FNUCYJb7RD0owRc+D/p9Xh+ZAAMYWIM=","Uxx7O9iDZ/+7qG/a4YAMOKvetzUG5OpLPHRcGYZdf7Q=","oi+SrJjL/ljigyFiTnhLRumU8UBrJSer1kDUVmyXd6o=","f4ttS2vtzRkMOm5ZCJ99QZlNDyqH+lgGgmoVCwg5RqQ=","PJrOCdFCvFYV/HbVGG5hikWRia8RmxH4VjQzCkb0XbQ=","/hHcIKLREmlE7bL8OEyEdzlkCq9IzHEc3dkOV8IfB2o=","69FNQWO4kID1ZYBqpjxY3zfYWj/eGal4/E441E164VM=","AaMau7pq1A1LySiPEGK+rTTOMUA4aH63wlvNkoPqA+o=","J+fotBig39i3rY99r5+7tonsIFBzcrOludnsyV0VwzM=","W1Y+F8B8Q3TUElTogatf5+mmVCfq5PQt/TO+V9RSEOw=","ylu8AXJdpNi012NKfENAoFhSvwlcggp1Xdy8d+UjjkA=","V0iutK/H4WR0U9W3euRvhXgHMG4Fnqjpw4AvkZrz57I=","z+GocowOm3OkcwZH6xnDKqOuBAZOT9QOFdkDUl7KHOY=","MYFOwHRNDXdBlO2CdEBI4zZ3S1bfPghBqiNFVfc8w7U=","TUnzkRqdOCjwh1hQBHxtNcVI45Av7OODhF5MGiudu5M=","teewbMtQQxx0Wlnx3oGK5Tzbgb8SV/ZVdSlIAMc2KIU=","vr1/1KjftxmZIFzxZzBTDb6hcZJ56Q1jhwf9LPw+Ces=","4R2jVEh1hd5xn3OEXbCXnp2cCv3kkRFg/aZxSCjZqRg=","ObsFTu9YkSug0/jgkw3AEbA6WGldwDZgZccIQWmlWhM=","ZQ0xp82xP1DEhEP4dtc9tND4N1Wvt6uJU9Lgg0a7xX4="],"block_size":4096,"path":"build/backend.js"},{"block_hashes":["a0P/grwSBr3vDQIo2qet87SFjvDaDZpZqpniX/2GnhY="],"block_size":4096,"path":"build/background.js"},{"block_hashes":["2JX4785XwL82L1131Czhso23dXO7inGxc55ss0DCSXA="],"block_size":4096,"path":"build/detector.js"},{"block_hashes":["FosHPWCsYg23pyMtvIMz0WL3reQScX77jOM98X7098I="],"block_size":4096,"path":"build/devtools-background.js"},{"block_hashes":["BOOJrSK+gfotAx3AZ6f151Up6FfPuoMqm0LqDAq1ii8=","8DB4c1QfO51cemSMKHhtyFkMYPij8kGc4wjbjzAUd7k=","KX7X+9UPo6mn9jdgtt4Qv9t5R2CRYVhGpw7lSbf+Myc=","bABctHGLGU1oXP5Zq6iwyx70SCfCnP19KwhR98NzBV0=","M3PKKnfof0LaZiEvxmIddkOi+X4gG25Q9Ssg+Keh6+c=","GdlfEN/3yB5gMy30BC+JvE4vprbsbH0MK7etQf/iVBA=","K31uHulzcDN9bUWrcPNv13PYhd7ya/Ls6qDfbhapHE4=","nrG95+xUorRF3kh9W4jmAh3+i9aa6MHjpDGmwAYElJQ=","8+EJUl62Ns3VEX5NFu3o6aRPuIfcpsPbPtaXHCNLIkY=","nyeh/yT4bWbKBLgOLE5k+sSvdvK1Rqt0QM1p+8rWb3o=","qRYlTIzSOg7XMQWOkyVsdI3fYWoHvSzy0jds4hDK8QA=","mt+FzfVqj2r4aA+eQL41YoTZgfA3jOa9NQgzz2BFCEc=","SnysAL7sSJZOmVT9sp/7BggG2p9C3F323jC6vYMuWEw=","D3+lT9Z9fyyHulyD5o2l3H7Knp+O7rJdGrEX4sUitiA=","oLYRf9v5GAiOHtY2n5mEIFjs3jxXNVp2OFAAOmN5HKQ=","mY+lWiTzVz+yoWFtAeXLlzm9KyJzjpp2SVC2GMZ37xs=","xpZ8S5QD8Cm12jsfnFYhP4/+3yWjhKPvINNrhKCzxCk=","K4rOtsNMYN4NjdGRTPfzuXS9UoCePNgHBaSxG2GfjuI=","dUbMBSpR16LeYW/OiHyQHr3OWi3CIcmrELGQyuD/UrU=","MzsOkzbVAS1P9/EKcUSVY1HpbfP5+c01QZ3D9BWWfVE=","ey9fORn5s10biOVXZE79uhqqkq4wAYtmszdHfCI4Pi8=","WDg892JMtI4nVOjgQhS121OqBUsqR1LvlY7sDlXWxaw=","VfTDjZnmvQ6FqhmUrWVy6ZrWyVRJh7HAAQg3KdyhzcI=","u/PFscMmpjGWi0hq4tDGLHQ1wRXmJMiZujAYMJrcbtw=","syKFYnbeTBLoNDl7TDzUY9UBxuXj4Bn8KQQ5gKapvDg=","Rouk5tMGrZ93MeaDrrzQC12qXQHoV4UOTrg4WE+G/gw=","NhomHCoYXrL822jU1VTkhb3/sYt6YNoP4uvGQVJEPNE=","lOFKc48YLJrOfTDFmgcBrybYzIVxNrZB0Hoiiol62B0=","8ut6pvXmFNWF3MC2q2pK4TT0X/qaJEfF5ml7fzgPwag=","v0eWQ4AH2kgM00OVjakQaUEEURIvWLpi7ZW9CuZS9y4=","m4lUy9LqIqgIGjBoTfRB/WlHbFuXPHOL0SpHD0U+jIQ=","3fZawRH4Q1mRJJtIVAK61InSQTcJ6AHhTWYlZnAeuik=","d19isR1anZwDEuQCD3EUe4tTzptg8Yz4hlPbMwRYhaI=","a1P5JdkWgpFKmoI+ne19KGPYt412caGQn0PhqDhmwxs=","miM9r09TmHPXrzp6CsHQIvKnhO02rG2Pj9tvdYux/gs=","0hr47kmvzEVIvysVc5qTk5zku9zzVTlqhbchhpBTS9w=","sUvRlo+60NXTHAHpZU4qjLPbf30r+zDdHoov4c4Ui64=","mMIX7WwrW6WdD32wxqCgff6OvA6KYQhVhVjz1ws+FzI=","09LDEi94b4RdjKkvVDWQMvFl7BT55RQwqlBsjmJBY4s=","e2QW8HqRDcDAg/Clc9whJsWqwHUFhfO+V6EyBPy0Se0=","YaxbeKPq818erJ4frmQzrE6zJnC50yjyGjdrZo1mz9c=","wdZ+wL58hvRLxHKh/A6brydnG70SZSHqWWGypajM2f8=","w/a7BfGiHEIC4bsjFuLNPTScdx98x4HPPd6JERCoAVk=","TrgShAQtwTKv2CaZ3v20j5FmhIAkLB9BcSOd8XYqoVk=","X9ZpFzXA4VNfqSeJWGPTEG10K6eOB3Ib0RGq7sFgqAI=","IPC7z3KnOkD6ws6okwQ94pIiRe/G8AWUXOQb/KZdywI=","GeOILivRYPzE2vwhKlwp6pKNMkcephtU9MCFpkYDEIo=","65ni+ch+mWAvxEAaygAT58dQEIpcRB0gVjGw54UM/lI=","Zj7l7F8By3tm10pT9o1eu9ECfQ5dHofsaF9SEsepL8Q=","Wp/OpI6BeGCiVBRHa3Pp/Op3oEgEVL9f1/dRb/+1ego=","jbmxP1oX312SE9AQtzSQ3kwwGdMsqBMcy4ZWRD2VEb0=","5VwCDKhD+5B9o9nhzItls3B9cGn8G8JeDiDIBL6FBsg=","7k97BFffw3chijNClIjEv9QC9Rq3CLxpQOiEr6YpIxc=","lbcON/bP95mFlfa9k2bkdavxPxXOXO/T77ZF2kl6Qiw=","I2i+DdeoxjHpkXN9cLNDsJfWOfBxU+8iraztKrO1/og=","hsSavOP70+/PWDlHItqZNV4J5ol2luFPYVJE+KCPjv0=","2O5XBhZkGJa7LNfdBREmuxwPF5xSD/eWkX6w9jAdc5U=","r+9Tm2teQErOcEAktmsCceop2c4QIGJB6fGY0aSHCoY=","7P/IwZll7/ue2EUSiSgQmYUZy5Rtn5dkKF1DlMT4PT4=","0m8ZXj8iGttXR+3OYxXd5vIL6GyM5qNEPjWlVAI2I0s=","WAUarrTy86U5bFAx+nFjajZoCCyqWY0iexCSznH0i6Q=","oaNIcRqURUQxnZyJpb1ATYNCIx3ncK9mhi1Bo5mAd4w=","DpQWYfSKzkgVGzcO/VOqj0TMGINyFk0dxOBva1WjfLg=","H5ByAY3OaQnIhyEce0GjJ+ya6IjPO8jm8VjvjuMCVnk=","l8G1H43ag4SKufYtjY2xE8ukQGPreN13rGhVwWnu7qs=","Y03UxdanZIM4bROkRC0uYZ0/yZvpTwXd4MeobqRzeBI=","h9PshB0ncUIeOGaHFduIHZcZWBxA1E1buJA2VD6jwBQ=","ZcHytiCH443kaCTuK7vOfneqQt7MI911llMdr0iwaGA=","zJU622ek9/R0A2D3aSsSNbLpKkmRLqCsRAA7eylq8so=","clywvXR4DAlKlQ0T3CVT/Yn6R5lcdgHsdGkXNWlskz8=","EqLdHR/sYt1odxUMqRE4W29qnajjgANAzru/Bvk7Ty0=","F7JMSxucZgEbCF+AUy4FY/7oNn3dACEN+r5mTOQnnGQ=","Koh/aV+Z64Ibeba8/Rj8CcupJVwMTYBiDJcoxIHG/FA=","cgv6siNnwm8H9OTa1peVhk/956+igUxRMzgBRZEP+NA=","PINgu3BHF2jzYyPZKikPQcaC8pPCfOxh5jEtE7gDEBk=","36+8qPluoVH1A2TgpKovDMv6OKk82apwIL9Fgo2OWHU=","17mvS18PciR0LE4IsWwME81rVER2vHMsJoVk7ERcbSU=","hUdeppYmH8hWoOoRlxh79qX1zym65p4QQd94bVDb4to=","fKOP/ojrRvKpBilGVkF+Srdc4Ul/0zWXb7KasV1LVj0=","yC00bzrJsIRb3EFeDzGtJZlIK0D8EnN/bsEubSsAMTc=","qz/UMN3jUhGh/XMzU2rEmyaCRIJQepBVGR7ZTGe3VLY=","CFbbPttBSRpWxzs7cfKrcdUK6PWNw7xjVa8Fg50a6M0=","Xn2Phv7hcCJOI/kHbe9HPZHYNM7Z1giV5nUBkWMd7TQ=","RXBdd8Z/HSb9H3gmUa4FKN3efN0FCxoYL1ueWbvj2HM=","L/cWl5pFJtHwO8sGhmxmqAuNSb0sn2xNtaTO0+NJygM=","b1HP0HnYQOYe81D6Be+tm3pg0sxcjfNPNcIsjyg0c5s=","limYgDDsVFXUvv8WQYXlBjIBZldbLIjLCi810Fu5p+8=","Q2l4JpVlkmcHM2x2dEgLSZuHjSrteDE19ljEH+kGqGg=","PKyIK01K+qKrsZwGlqxkW0ev4fX0XaMf3bAn8Wabo/s=","dygoe+f5yXfVXkZLrwhugR4j4oTpJzNNdGtaJV+kRFA=","2nwXASNYWY3Uvz19TiOAWpuuXDT4aYwlYw1tygCqXrQ=","Tj9JKgMf++XP6LpEqTDQgqrerAN7yBglor5ZkYq0BV0=","IRrMFF7MzxdfVtVbKSSZm5woEOhbFR5OIcyp43gQoG8=","uwY5luOy7sa3dC87Oa2OAmfI9SggiATN7dvxctl+MhI=","EFQxcRnuenMquer25l3J27aN2wm7Ggz7Ol0oZl0YS34=","uFpSBPBs2bJmqvrlTpdKtIA5OEV4HyY22FI/5hY4sGM=","pGEHPdmCTmIVhVwcJQEN2zokJWe1RYVh88zJYN7qDCA=","yo4aBEk5md0YGr+iJ2OazdAN+RkkrV8V27lbZ6iX3oE=","OioIOLI0LPdliarO+Nu0oy2GSxMtG1vFFmLP6tfgiSc=","Hr08zKUE9ezbxPL7tVnBBUqw/nIXh40XRQCffQ1gcsw=","hSwcn50p0Ykw52202qih7BtPy68R3Nl9dATjWFchV6E=","WReQlxZwjFcgLcMVD1qQ2vSy2ImwAcExi+RMKBcEszs=","yb/p2W1oQKepF5jD0L9R0Ahp0pLvpToxmPmC2Rp96aA=","rcQAJLgcGZLOhX+t0jVXSMkr4kKfS9KafyPHpMIuWVA=","9sOyFxOO/5xxi4wnzroILgRRVRzN3F8silNhbg7vP2A=","myrZv/oyD5JWSSFhNl1wCO3wzjV9jr2obBeG2aVnkpU=","sEDD8CGaF8tiJV0GttwNpVfrN6RsnJvmYJO8blGx178=","hZsfSM/RPOkdMfSZUWeNPSC15N4adu1C8nNd6mZdcag=","H3x5uatood2fzd2rjOmddS/pwLE3AGgFO2xqYHtKAOc=","CtU9rLdzcPCvqZsBre3o8t2IB0aYsKTRYJCkLzhvvak=","pSpo4bjIqBrS+a0POYBFGNjt8DB1oMngwfuajCVcFmw=","QjiQcF6+Bet8q9GZ278u1kRdd1GVXhEFlQ9iStPwyu4=","yfaEKMwvyAR+GrHuB4CBguBGvI8Z8JIPYIK+PCeY+3I=","JPQZ2PZNyP6dsQAwGIDPSGmyLlBzI9vb7+3efZEHxqw=","tWZcGb8t5euPELSdkQ6MIL/iG+fEbl+aDN0PycAB8rk=","kMLYXNwdERzdWkvUt8jCl3u9px/V2cRdvEaWvRKpSYs=","5/tx4d0cMGECJ5WAG7kzqtV71q41HkNSgjtYYImnG4c=","fyLz25/6Uc1+f5LJL5hxNqprdi/o1qKRNAa3sKquHeM=","3J33lRQ5+nPSV0Gebayz/mT0WWy1fgYitoBDOGhOJNQ=","QqA31zbq8OtLDU21uFT6q9+3PIwgCwmcMsE2vAABhIM=","hRAdet2XAX2rcQY+E6frwHNuJ0XdhAptW419R73r0Sg=","O1kP2WspRg2QeOkJWoGadpBvi2d6jiSqdg907OZ8Xy8=","lMfLtl4JKyPFmPv3uYvh0TXNsJk6tZmAPZeCZQzmxVM=","DK97CJUXLRWil651pQrGI9Xje/3K5otgqOzpNKZ5Tzs=","ehSsV9bmHPiIZ1FTGmOwDhP6a/TFTHu0CP0uHm1JLi8=","GGdrv7J24eXkU75lmUrsw+LkIxJCzr3VHzaRgRSDnB0=","jsA2xH4j4kIxDItYaGiKqbC6FkksrxYbKTHqpadlt0Q=","p1Wf094gXGYmCVmjNTHgtn91tOj6SzH1RKor7i2S7h4=","4wO+BAV/by0Py8V/URcXciAvYe3o0HW811NHWbAgikg=","+QouUXXingpJxfh/X5mm0U3g+MyHD1jXt2j23hftUD4=","Z2X71glUidFyFRwK2+7YyOXrmkfCTXzNdj8EQxkCnb4=","tch5YX/BtUR9LOEuPqawdISuMCFrsWUuM+6UqeDZO34=","PqV0NfU76OUYjVDVvy4cYDPAz4cR/nxguobAcLFug84=","OQ2eulJWAK3OMU49tn9tP70Z/VD46Cp4/dcbYe2oUn4=","Cm2xIo3BFQGivpd2Py5IuEqEk/aSnYx4UNVHnpkK0Wk=","BzbbaFFry0BLyZIKPSdhjZER/UVJYd+WqQZNrnGHQWU=","JD21tBN/5gXM6KtWq+nVhHzzWnIJnNDbLkW9ZZZdvFU=","9c6UYkN14JiaDlq55JD84OF3tiMIMawFMwqtLo1BHIU=","6VxYoKHM44va7VLw55JV9Y2W3766LT7q2r1qtolFeMc=","oUr4+jLxf1pGZwKpWBguBHVs6Hpkgv1W+/kGQVEeEYw=","ozulGXGSHXgm998CDbe84diuZ1VXcYy8In3IHDThDt4=","6TOS4WDtx3jGS0Wm7Rzhh2KAb2alkJ6SH5Hcge4+Gcw=","fey/lsJgHRepkaSl/GNhvcwq6VKXWj92UND8bANS1R8=","KHKJKwLHgevbgHQPpEhVXmtKozyJgtWKVCW4v+n2zZg=","FTHh8rF6oBwUFa5T5RXfn+47X8b6KAQ30p4SpMGWFXQ=","x7recDmeRUUE92GihZ9gWSa02OgTSqjMDdIF+nTvG/s=","8sMYd8PWhXWWPT/qd8QkqjygKPthzfEqfdvVpBZ8FIw=","IRJ2dBlMNdzc67MFnr2RPyRUKnJkfztwCdCS2SZ9FWY=","9W2hEk6QcNugrifvNwuS/iSHgpIAvTUorgi5f0ip+zQ=","hrlvvWyUjp+2o3ZfO9w0sBDRjiRDszd0DBG57W1s+Mg=","NDzPN6kfD/FyWMMxXQdyJnCu91pgXjD6pu3aJNLhAq4=","NjmdgrOS3NMyn1J66s7gA6PbZDShrxb5Ff4ueYUGCmU=","VTEG0G/bKK7ZE3xdcrMZN31nUpvICYSL7BIyFUQOJ0o=","Tkv6Ff4PwIIko8aFj5S+EqoXYyGobGXHCnwQXt/FciI=","4JAeij0JdS5rFyF/U18xLIQf1AipmsN3sVoBrhWP2sI=","qR1ajJra2vhlQaYzUvZ24m1E78CeCfEksIhhqDt8pPk=","ph1L2/EGzblBB2Gn/DvLxKfSn6m6ENIBm0TcFFPgEC4=","meVofZKmenAiyfTJ6ZX828oyY7Vv0N53TW5Uzn6zDCw=","kv8RPQ43g8A0beQnFOxTZWX8kJxo0Rz9UPC/pssqHmo=","/tuPHMosVWEugsgbLot2E8/yDGTlPuxp9aHgxXECsbk=","5a39E8UqV8hh2BGCvFkQf+lLsqWfD4IoY1E5/N5SDns=","XpXCsGOw8IZKU8jX7k/7u3HAM4fGRnBqtY7QbaJ8oN8=","P/CmSQOjHvfsJzWP1vxQvlOns/3YEIfS0r500Nl2dto=","WXWa5qrufAVORwwBM3fe7gEwiWAYopVgoKsurJuZY+E=","FeYc4jNG5VcND/S87ukdgA2I2xAN2E0ViK3G8ppYI/8=","Flo4OZwsT8+3mD/VnDXcx8B2cGSS6QKz8SKO1iO9Bs4=","UbJXJQr2gP8r0Bt8PJOu5ZOC0H156+0wMNdIFYdcBlQ=","ALAAZMuIyKd1Q3aN0vszNDL5KiUC7ohdNA6TnmtZoKo=","/72Msk1gWDJF72FBjUjjBJJYv6VznnGCattkrhtgn2Q=","ivarNwVvgEqMKyww0DaLI7dOrnNz0vidKAO5QOcS5mg=","5VX6/A1o2pbRFdz1REvqZWlHo/0vl9ggeEfasp6saD0=","at/xov082t+fSKbiOAWPUWIcIJG8PzNXktI3eJ2GCgc=","6yYcrHJHiE4ItH+J+h6DYf0dndWoTRZBE1UMwzkJLD0=","9vb2pM3dwOo67UHZJ7XZoLmVtRem78wXN/xMiccrlv4=","HFHyHHzR7UAbJ4uykzbuQLkr1ERO0KjPLRLd/HmwXFk=","lUy13bEoi21GkBb2VnAXPqI6RtG+wHeqOpBd1WhiPeY=","8G3RfTHS3ihjhl/1bOtt+kUrvvMvXWDHE9DPhh1bmfE=","sVlNeodA3XPchgsuYZnT+YdMYKjQ50DivMYIRPeireI=","Ia+i1HVWWf3/Q+VvnFfvd6YPP1U72qYIFjxUlheqN5A=","qC879GwiPL+Q0vNE8iRCI2c70Gl35Bp3ZLs0lFKL16o=","IBtKYtYmKwPYRSk5bKl1uszw1EwVxFPDo66JnFhXvWU=","sz2OCtrTUVCrOhjt5eTrCp1jQ0Kgw9CtjQtn2MoeO+8=","d5cyxrmAiZvKahyVCQT6BHp2idjNhiccShynxTC+N9Y=","r+b2amuhH1d/RbTgMos7KbZLKzaIjwdx9qnAi9AZ/Zw=","iOuVDJKOw7GJSG/kmPf7ULCXQDRJqEN1GeINgDB9FrI=","KewxfEI3H1hO4c1YOPYfK2zq6hFUt37fePvKHkgPgXM=","WBgiL9KXSE62nIQlxQhqkmRohxXagxorGFU6ufaLuPs=","7c7pWgFYXnnychnZLfCfK86f3Tnmtp6rft3qeq5iAFY=","5tW7DjDyV0dft15ve52locuwjOZ8+m6TlKN5JTYSSqw=","V1kzgDVoh0E6svh1jnbkbgeHaOIxa0ejwKJ58iE27ho=","fbJKff2PgBDhf95yN6SIUa64C0VLlrKXUl1E1tTHyiE=","DuKYUCDKePGSb5X1VTCKr1fCThI5BIwqM7+5bfN5hl8=","yK7M6QjcoDjUnOGnqk+CsmiAJHVgWwCGew3YmckWk7c=","aDoKnnIuB1HWegsu0mHmzIEyft6fEnLcSJMC51CrG9I=","n6cjI3gYdTX5R4Or2FAbaHA8aGHTXHHv8qMIo4Cx9Gc=","qOz8DuthQm0kiCyNywIMHsivl2Mqv0b853LG+yC6Cbg=","yJaPUZDwsSodD5C2tnFO8c5tZvorNe4teCRU5ZEBfZY=","gq64c8F/RasJpbulInpVxj1q765xOCVMAJPjhMnuT8Q=","2GvTS7zF20Y9J+vpgdKEZMrzgACZbtDVc/Y5iLvjpyA=","4+oHQROGpRefUyORQJ28lBh82cJJSBdXANhWyExAENI=","T5GURaB0nDF9y4jy8FGrheIDMoluVSEe7qZavqWHgHw=","55vrpFZpqklTW+KVpRmLiSEhNfVlPTrtq6NenaivmaM=","z+sNgjZ+5hdGzcs5doLrdtXcml7MajqCEgMMPq5JVco=","H6VQWAqd2Fa4RQpyE8WZHL1sJIpTbMik4gkCChJ6KqM=","v3pRBwpZxvSgC5f7a+HFNfxYY7bXTZqVDiK47n+pfEI=","Lw9YH7KZc90IlWzjuXIPUPzwSDIQv2zwW63fexg2/v4=","iDIhnZ/wecxh0116yIPFdbibhwFiwjWf16deOHHxNOM=","4kw/mTSPV3PLC1osqGpgPuV0cs5oEHro7J06n934YXM=","2angRVrc/tPS/LtJagRD33HPxfpc40c0kZPzjXzQAQI=","wkaL2ZnuFEHJfr1DfFQy2bm+CDQmSoYWlQLUqqmRw7k=","WEDO+zUuowOyamUBBBiYvXlhynKAD07162soorDt11A=","piFbOy1Y6i5kaJ3pRXFiCKOq0TV6sQtB7lnMwKD357Y=","wamd7FgLUPDFtoNPz44tgguENSbSY5fnHaSbaEPdkMI=","yM8ZhkZuJ2e/Pl200aLEpI/Q4UMCPey8EAJF1+telYA=","/z0Su/TVWohN1k3ZOKgw+QdVFcvm2NZw5+pxuj7Yjm4=","9ZNT011pg5FKxsEZwNWJ8gzHjTgqM6dS4uBB2BOO/Ak=","ZGgel1ImW72C3ZcgG/KVOl9j5j9W4L6WHyo79urGTV4=","O+/5aLJl8Bq7zgG14SifvU7GVrVpcsQnmPA0FrqUqkI=","n6Sn3b6DVcrf5rdCvUgchqapH7vH2SlZFerv5E8pQBw=","2C1j25vNTfNItPfCq0QGrvTaRqT0YSac6PoMCHU0KOU=","eMMIn9VW4N+Ohv73GEptiY4xuq9cCzv7TYEZigJHXrg=","vywL5nFBzi3mSe6fIM8KWJrVbkdkfqas9vB+/Fd7zIY=","MpIYCUYcbz9emMOV6t51Na4gAq3ccIiKBDTYAtfqkQs=","AAVYEAzJz5M3G2qq7DOBKTEIMD02vSAgt0bD+UovZyE=","rizuDcEkfqqHmpQYvG/ryCWQgQy8QOk3MzvNLBQr+sg=","goDb1veaJrKyeC4Qhg5wvFa/cD15JRSGbtl04oB1VEo=","FGU5QUlElNZBoKKxIL7nrpP9aTnTxm/5ud/3gibhNgs=","9SSUYFUOA5FUWffvZK5JDeDx2+bmv8WRN+ssfnj1+Bs=","DxTgRPVyV9wWjX1kLZSlr6ozBv2somKa9HTY9QQANAc=","JDCzWw2bOSDsIPuXDDaLZ54JEEIg/O9yeW5lOkeRgDo=","leI/tkFyTqvfvrpDKBRjgJtzBWZa9D1riFgLQUZtXIM=","GFQzUe3qnNxpdWkE63o7Sc3ij2SfzcgH17s86jUpAmQ=","5a+bCtwFpLh5cxugmPoOYJWBaPf+CMYZUm0GX2tSbI4=","qTkZY2LrDzv/0uvnoEFbCMPZq3kZ8BpXqqiEL5Zajd0=","zKJNG1JD4kgzQni1zWTGxZNTtRMUhU/oXr14gf29ee0=","mENchMwxBnoEl+9JtSCZq2rYtqtixebGbKALgTMkP1c=","7OSNBqirdug3ZOSVeacmtCti0IxMCIuqVWBj7R8a60I=","j7S5hcg5QRCo5EJGLhJkx1cyHMHaYD/FpqMcFgp105o=","OZYTOnVRIc/p+OkZmN6QAtFzwPYsZIY8mdUIKTM7dmQ=","CKURdP5DZkaOfY6q1WPqwSs0WexwHLNSK+tVb4xdPDo=","w2QsFU6HqgYy1J9sfZzR3Wzv0iR4mTWwgP7Wg+EopyA=","lQyJNN8oXEwUcGUNPrhFl93r2JTQa2/pivg3beX+u2A=","GOQPaTbvMZfCKRkiEWzbhQ+BWB8X7C0OZOjuijy11WI=","bla9diSYu7B3QCvgPihA+t1HFlrCBTqKUWDg3tLIY/E=","a+4XxzeDtcfPFOAD/X/mrDGDhduxjiUpgYXARp5XHvc=","Lg+9ohDf370VUhYz5UAkDJX468Pz4aJA5l9tRSB4/Rg=","OQpbRPrhsJ20hhKD41x9xCY4L6rZiJ/iUZ/Zbbcz410=","zY3dnjHN1yN2cVjt1PHZU5y6XaV08j9Rg+su2sP7YBg=","jLe/X5f4jFTtX2Sd76P9k4bMJvff6QT7j4ZkA+7untE=","HRK1R410ItE6EL98VlWlIpfQcT4/bij7xXLynJAUKDU=","nEBrH76LFK0mlz8ESv3WsHxotONY52u9PDmC87/1Hjc=","DB4jBz/WgE8nNxVkEcMciwfN+bGldiiR8Mug9cJZz9w=","ziuk076KtwnD43fTw+NDIQhuHk54OYDhT67kspext+U=","Hya4ujPDKCMkHQiVh8yXkUJ8YgkFr4XvLeb0pIkd878=","aKvH9L4R4P8wU/mnfNNH/GRYN1Hn1GJAcDNs2mG+0Tw=","ovvuUPrV9cR0ed6Gb56BuKHcaZsHSbH9VSJl7F29MEs=","8cwhy5gIGX5RfqxuYwD3UUEoeSuFeW6euD9uXHjTGUM=","d/U7nHvv4aj9xLXQ8PA1Lk3QmmgOKJ9g9pbddaw+J2M=","gWE2T2BAAMSxBq3X1bcuf/or5hlMReymc4rFiPVPnVU=","+uqj9y54+aqjYf4wITcfHzElrVvWG5+9WZaSAl7FuDY=","k/lD+blbAqJsF6EgiHKm0jY+w6T7+ge2KjX3F9V4rQ4=","WFgbhF1ySsl1/BeE0TDdKqHfCesZl4EGTdIjAjHsh9A=","tn4EkCAy+EejrKSwA3WqemCKITOZAijbQpVfMUrHj9I=","iP4sXHl9DMm0Jez+yjPIJ79mXYQvcw8YydDv3tsh61c=","eFJ+9nLNrz5k7opuYT3L5aW4FYbFkvO5hknG7u8Q1ow=","t6vGHy/ma9c8vzSboHoJZv7ZnZ6pAhg8rOYrgyG6Tc0=","CvMGPBrCmFD+N0XNbpnRD5HY2OxcrDTzuCIQozOqDiE=","L1BwsrXXRYlA9NDr1ieeP7wmIolUHjxD/ZOJPyq7D0g=","tHuHGylrIvX7WcArOEl3y336MMpIJFyzsaPAx8qEp/A=","TCfc/DGN0TFoWJYlECdgC5rYZ1SORkFXdx5tXu46GUg=","SlV+4Ra4sErS+JgacpX+SPTOPkN7J1z0pjYmSQDkeD4=","SjvWEs2CK68vmc1V/3c1bhtareZeWVbSM+6vikwswHY=","7eeW3ZX+14ZB03Vh8FGSguHaiy7qYLHO+BgTmQtmv7w=","1ECt2lQKrXfnw3dP9ycRYCLZkQQZFuB2lUxuiLq7CO4=","5BC+svdX7vsbrmorz71Mu54xU/iX91Y1/Eh+KywG7jo=","+Dh8tRW8MyRyQrinkBxC0/l7Mxj+pYMUkKox/HkQcS8=","VYKkxp6PE9QaHwkXmFRwP/dT336OUalasUDJ9CI9EJo=","LTHWHdtXSD33OU65SVNkC0sWbdmzPjICGx6sFzqlXZg=","cK2EGjZ8CTFVUjrk6xAhCXdsSXYGqt2jd9cvs/7PxZ8=","D1HAe/9S1nFLb3NTYmH64GS1S4xaT6VrnZQxg+ZvAbE=","eAiIJXLaXZyxdPOFv2I6bks16SLqnz2Kh7Z63nA1ry0=","AUpheMHT9eOtFZZYcD5s0odKr80Y/lhszxsY15wCYL4=","T4QnYFhyJWzKFdp32t1KDrlFt/fAt7I3AMUCUhbXNJg=","jOG1VgzjcoR2MyreAZmkj369p/mp1PBZp0Sh5EE4vrw=","2x9Y3s2xsqnNlhq4H+zyfBDjm4CeiGL3Xe/FIN63qt8=","9FI3xDXLekdwyXghzqM7blioEmCqSycHf6rEzoYVReI=","0k0hM0mjQnZcRACmsWCtWasnWxMTqDh3yXQxWjZsecc=","fYZGU6sNJEJpgQASlXSymgFxL7ByXebaY+NQSP1OQ64=","kRinGi7hucXsmf0TsUklZ71Y2yBGGzxXOQ+sJqYsjhw=","dVGAeSNIkOdZRnSTo0JshBBsA9TTPKODhJmp/EFV6Gk=","tzgFNNlsZC11LahoRiyOyHrtLlnUOQhz5QZ79AL/HuA=","Mso+BE7giFHT7H4vqPZBjZCjHGuvylR/Bkv5bCjvsHI=","5DIMoSBK6EGDLNMAhStCTK0k0cjz2ATfMGHOXiKf9pc=","yxsAHGrVUNRwtlywvRSX81kUAU3MnSCCq/zjLzBo9sM=","D2foWVIZOr70njDkM90wJPThTYOTqmaorXiNwFbqfOc=","Gch6CxG763TiBeJq2EIGPdx1Pfz0j1AdLxP7uszx9Iw=","i9xLF1vB2mQfkTnFDu8bh/cpEvmuhnBq8f5KE+KzJ/M=","C6pMLJxA8xOMxRVgpSWEzqqnwq4mVXJI6VjKRYV+FIM=","P0f/1eWQ03p1el4dmEhzCk3iWbLYyY81RiIzcr32sNM=","ZBKLy9ZNmZbUerjfBRFSO2d46R5FtbrHSuNX+0e+Jx8=","Qe2ka1J7Ujte/70s160ycyYA+yamQ8/niqwnYw5jkvc=","Cmv/l/dAqGto5DzeZofqs7uKDyVW/NJlSR5HM9pGSwk=","Dh0xrDBHBSvKd/nfudgch+L25maf+UuRQ3jQaCS7I0I=","2JafUoVzn9vStNG/0Jp8WejuYxu16OWk38qToPoe790=","dHet6R0s6mg1rjd3dMsP9XYSF0bBrPgFVNIxZiV+pxw=","622N3fIDMUQzPhyPEv4AMqoAZHrDeridCjjGMe+AE68=","gz0vIAMzwE1LrUXp1W/pMiN91mJDpDiQQLWOTTqX6IU=","tGbxUbky2DxHvY8VF61RIMsgwhlC27A+jaCbERt5Aok=","YmEIYPcK8BHmAgNKCKYbQ1pZC2KrET+r4AHQV+xt6c8=","Cz0pYNtQfWGJrdQ3MCe0YAR9wRrcB1xo/7nY/c24e1I=","XV1gR1monQjaRv0Qtkp2Il6rIedcOqJKCw0CIwNlL8Q=","jrKj6PgUFmlTisBLXgwgOI0Q8Y9duFSKwD/sUyU2a0A=","DA58Thnb5H3XMvDpiCnpnpjbBy7JGcaJ7FNJAElTMTE=","LalzdrfaNWa7G5Km1R2Sw0DoN8/ge19c7TRAoPKO0iU=","L18y/qaBDDweKgXmltR0s32jd7pD8ksavJ//ovZCCvQ=","79WKpjg8LoUBkheVrhvRCIyPzyXAgjl73o9CR9/EopA=","u3jfa6jqNDvuj37jISl7FWlGwZyIs2G79NP2jQYvKP8=","/rOV8XomXo8agxXqY/R8acs1KdRopY3IQhMAfZ3ex/4=","9dSaTcDm+LGINob59qLKiaM974wK8lcmtBEM9YCm3Lg=","eUxu3l3HJtGiyCI4WRzRAZ1TCxqvPGpxNbAJTJf9FoM=","PdzykO48uPc3ns2SuwOKVtc3n55B83xQqdKhjnNLY4g=","hDeb328AwTahEMKa7/E1VnwpCIO8X1fENtRTyUjWEM0=","SEKytlWp7RqgIyWdvy6B3RDhOmqrh6koescUwXv7kVE=","5q7F0R77xvHL90B9KOSVlZR8SfziUV1Vz9JV0DDmCsM=","5z9s7sJrxmtcXEs98jSC+UI211iImcCF+VkCk2T/n+Y=","8EygZ9BSpNVBY4V9NtxIgBtVMz+Vrzy6VcHp/zWsJG0=","euQdRPARpS9r38bHJtQdkGhCzhoI4YtrqMgeDz6kJbE=","s5muGGgld76f3lZ3xn9hvPbEXPR5FR+OZxrWLpSFpNM=","Q+0I55yQRkPCvzvzPIg5rqpF+yICCGQr0TNx1NgjWmQ=","rkqK3PUqpFwsNTLR3voXItHJLHmM647GilRG6KjYEZs=","S4XLmSHQqEJ2T83pjG+pmJmpn+XLCkqPl+uUCUrrK/g=","BrnfAbaf/Iv+rm6geFrVyAhNRXve47zeHRGXtaJ5Etc=","9cakDX6DeBdRktbzwczdBIEgXBcM1dttkzTBUMqITqc=","+LWlYL+zeWN4ZlcPQvVTd5aU+aa6q7q9DBIPXRWYnOM=","hymVwWeVruI0bBJUOZSUVTw5tEe9lo21bbTWx4NIjVU=","50RIUUkX1UUpulGBKGWKkojQeG5mE0kZ+Vi81nk0Vqw=","5+dZdZ1MMhzTP37pg61zGoFXLhGz4UI+lWWSxnwGJng=","P4ubW+RtjhflFRo1V3mijvs9PA9/75vEc7LmCEcFVlY=","D2Q+iJsaiMSZ1wVF1g75cu6rRr7yh+ZpReJc1f9hH7g=","vJHL8NKkvD4BzTlO1c9nXA777tnDT0WqQ+G4OfCnAGc=","r/wq13UxXLnsfCBZRMrr40Wx6YblGWKbt6Xu4tdrYrc=","q4Icaw96jadFiBxP8vYxF4aW2eUJWt+bU3do4gdNl5g=","IQqS5iO1CwJUM4Gsxk3qzqv62/i0TQ7zlK16jxXmqYo=","HJNt/ySOxNq00Rb/oV9KXDuVx1Jh/tSo2qE5ktBseSA=","8w1sXobsli7S57B56WwWiTYOialDClsLkDpGCYiP5ic=","B1xe17YFbLYCsH8OLvwSnEW+ViMOt99Am2eOSFOraFw=","TT/6thhjvSVskIUwQ7/1DEr76eDq0FywBg/Y2NlejDE=","vZ6H8Yj2gNbJZCGBt+LlYwe2/o6DBWn0W2XKJBi2PZ0=","78/+2GRqYwfkC64vS31mOA6OI+pcIqu/GiqMUzv8UD0=","KpKkAEecwaTAnxV8k9bSY1DmAJDEsK3WyS17ohXbyQA=","Urx+fCiZo05iHMomNh9Wwk/Go2Rh14cyJ+aS5LSYeLo=","TCeWKaAKu1zzxmC0dEv8CHpwLW3WhwFMFDg/8WanB6k=","FFyAiiCNgNHDxIl0aAJAuSuWr4aatSdIfv5qM7NEomA=","gLnjScZYhtB8e2mS1Vbe3VEw/nDePZfueOdqle354pQ=","EDAJ1FzhO5txDygOO/hhrP+gJhEVr2kfj3rwX4iYo6w=","ONmzVOs3E8FHz/dcy1NBmEikvdMcPxymgjPReqyDemU=","brijELWixyhBUUf/jYFCeJJq/J3oCD8adCxhOxNqAyI=","Agz361xzF0BQvutScfyK3mzkqGMIPRsSpGavz5AfyuU=","Hgh92WJRlCcG+FUL2CyzJBKRf8CNT/5GmggbBxLtXSQ=","Md/YERSexRZLI02h008Glg/o0JkYglq9EH6vhh7EW8Y=","Rsc663tjpKtmQCDqzzTpE1tk9r607smcbjNHwEOhUmQ=","hlUAdLsPTop7z2SFeN9sU2HUswmUCBsAkDKdIrSsw+Y=","nMRYI18aPrxAHDN1Tr45F0QyMWcd6SfH3fN/J4Y2+gw=","xTWbuiwheywYQhmRm6SiyMv2sNtSpnLfu8aMl2WVCuk=","GtlkHEq4+0jiTM642Uy/OfcAa4GrhgEd60yCwO1BZcE=","NI+q+JX1gcxFCcGuzpTgwi7dMuwBYCfQl44E5msp0Xs=","JDapUsQux/WNVMhWC5/cZ/C4hPcF2hckw43SvdyPLHI=","77d/XY0m00kw4kwF+Z1BFDGiP96rQCWS/ygWz4H7kqk=","b5xFv5pdli/w+RaKCTXfuU53HAsTdUMu4rDDWK0Ziro=","FmMISGOsjgNoB1IDGckx71FsQuKRmvqPYvFO4gmrBxU=","8rAoVVTl0JBohCsJdEGJ0UDkkaz+cEcWPtrOauX8Jls=","TZREPz0m6S0pv/SeXL4tNTGyih+Mwuz6wCD9W4ka6KQ=","9a7NpECUQTBQg+/iPe4Mv27hiG85nvwNcoIE9z7bBok=","rMV80YYvbfH3Yt4pTubc3by0VzIxmKKaI2pR02sWSMU=","1GwvmHUF2AziVzOgPDtPnGvg1Sdusf5IMDlV6NDtyD8=","DUXfBw8IHmVKoLzkdVg5IPeWIoZ4q26YSIx5TavGlgI=","EfUkagT8LY8Vgd5jxJSl+eYjd87qh6RsDf4e+FlSZ80=","+nxOoCGI2xWXbx7Inr1sFA2EHIbFxkI4wjWDGTHtdhI=","DZEGYqeCARkUO/Bnr2w/Own4ukNzdjJMxTaCOkyZPt0=","aLN6vSmmbMoJeo54AXU8tQ7H/1qGkFa+paA4AzhXyvM=","KwiM+9W9iNHeawlDZsCzRZVDy1EMd1LPIZ1+QQDyhyQ=","y/q9H98D6XGJYGs59K4y9oz7tNybqqFY5uhdbKi6LYM=","zVxMLR/1kLr26tRF8ApcreF236LmYptJ/BJ5YL9ynTQ=","tmvpzIX1xI0lslrQYAxAZdr9QzpEYIwNveunDnvhGYk=","HcHzenSG/VHrZ48OHdPWSPNgknue0zvThpZhmA98K48=","I4WWFYDWbiWK8WzBNP8qDQNcQCZMatuchQ1GviZsOh8=","DLf+4Tf7eoJgNAGg5CntGY+NjhKHTeCNC472G29MLFY=","unXlGqFDkG1OjU6ogNAZvCUAds5jc57ccCL4ZMAyCSs=","jp2UCcv9uGGYw1b8d/2NJO1ILEAE6GZEHugUJToyZWc=","717U2VgIfEgbMrSFV7euk8TpRinzDLldgSLG0FbjkcY=","P7/IwKNfyam/Fr+ukhVwDrmsie3vvnxXhABjm7UcY8A=","xErXq0ckaWhJAZ9kGzut0pCa5H9WzH/h28oglU8MGeA=","JS2tLP+l70wlF6C4YWjwZpiT4V3HoxKheIoj/1WHdRQ=","uaOjERyimKCBFM2i3N8E8c4tTFQrCpsEjIy3nI6KbL4=","hDCybglgFAX2rEZa2sesScbbwawxkoFARqf3K+eE/3E=","toyOyhWxf+n5RpEo206tK5vxipY7T6d/lkieg1cPOeA=","mt6QgwVfEBjrGHhDYtzqJzPVXyNS1f4+npALp+bzQmo=","wiax5bEuE1bwjtclkNObLE2G3SSRd5IMQH0HsJb3sHQ=","geNc02wfj5xPmNWpM2tTdTdqa3a5AXQX6yxPyUMtgwA=","tTeC8/ktpAp94srmtTR2+wYWbN8KJxWcfRC1NB+hPik=","eHqD8sdqb17qmPj7Z0qsCiGzbpGhjQ4jg3aFlFCkD14=","FZLV7fHN8F0uw0Yvz8ax0AYc+dVpjlN+gqar9di37Hk=","f3ehJ6FLLAxscqZB5DfXrzqY9ebXZAiAQdbL1ajubgE=","Kfahrq1tqew8i/1KjceUHxb8YMmG2AynRxRgn40b2Qo=","7b4/ErzPJeexQ7iC0upmS68cmPAeiwtBh2J8zWPYsTk=","wSHBlPdMORdaF5Q9yq898nkFzqHHeQcPdsdkmnVDA+Y=","tMtfMwvtAdxRZ0RpoAwMqDRzCXdh1prGFztFZngvRmk=","/tuG5ukn5wz0e9XDq9EcY5E7Z61quInozS5KZXWdsVA=","YORUdB9ui37L5qCwspg+K7D4xframdinpAZ1eXRil54=","cfTkMZDdTK5EjhwJVuWwq51TzI0HKqai33/lvzbqXv4=","yhF9+vhuQZSBBLOdxPQfG5c0y3W6SRy70iJYyRyijhk=","F0P2VuTyg4Hvb16WxlMgM5H4byn6cGs8gYIs1OS/XyQ=","rw+GkBjroTn/gJqAK3ONWY7i0kkfJwU2VI0hQJCqBTY=","t85kc00cTwhzHPyE+4/brYfaMOZvHLH0Phn/CIKPHSk=","QQlpquId0+n8NpvbbJjH34+NujFi6ztvUG4+qotxwRM=","QTFfjsQtKL1TvmNSxXqqfzLxV9C4CYLwIRQagptzFJs=","O59hz4+CzDEtMYHpYuA7jnKi+TTptrC+I8dDIwEbLng=","+rAtVzrtUQLPpdHNtBRVX/YEt1zvYhVWYKLaaS6BBco=","KpOISSR2L7Tm04XD73FBcxHonNsWWOaEv8h75yUdhnw=","DxzBE7Aiw5NIiMxtl7T+egczDdOp5RXMVBrRHEarmRc=","IP6JQXhp+pPT1/fHLX6++cIlN8oZ8t+Qey0foFd5iqY=","lptOZJD2EykKwDxoC+hXZVn0QnVZ8Z+yEJGb4SzS6Q0=","j7cPeOKBw+JVa3uSI7cfX8UNO1YZjRPrdUquooQ4Mgc=","9oA9r2Kuf85ygnIRgtyyOAJkCOUdCCleqcDly2l9qK0=","jQltqR4eje3PZj7HOMSrbhW4RfiFOEoZhWbbu6RAodo=","iqeoIEm+iMEiSAYCfFjFY66v/5tjVQrS1mU6oBJw004=","Qk+GjB7Q2fAyLXuq5sfiSjrdwgMDJe+c7gKjy9eDDuc=","p8uVaAlr4jraLep2httnLRT11g4yzwLhWC0mb3RwyxA=","0BDU/lL6+lL1I+mMhI4VA7zo/re0fyXlAio621/X8GA=","osgI2zM0BFy+LHXL4g320xz6Uu5SXZ+VFfB5huCpfQc=","rC8sDP8020xSLVjixrBr5k6Aaet9ijwnc7J2dYV/0XA=","mh/rmjSVC9hI4StITRSXwMEA2hT2EznYDFaxApE7i4c=","1FWY9rWEJzzr2BnFSbbI8+ype5kvCW4OCo9pkrwf1g0=","zj9LJYJfIAdsw0QsFwyi+nXrG6eNEh3ixMPn0Z4nFGU=","zK/72SwXPA94wqS8cDUruhhAjfN+kKnCB5ckiJ7HZv8=","+DPfaeAs4rH3D/2b94rntIlA6jFINPwbL5KxiF2NJ24=","ntimeaeI3Oumg6OJndNMsA166ib7Lms8ubOlPuMMjMQ=","2usKkd7RDKTXTtuxmnINxMCKIb4MgEN5UdCYKIP8UTI=","fmcaIqFiXm4XDIpjUrRReTHdmVDcARoV6JCUzLv4Jbk=","0BtSpVFgCRZXqiEkphGJ2TWrm0YXTbXi29Fx/D41yvc=","GLLgiHbIBiAePaz8w/lidRift+tR3iI8bjIiSHovA4g=","cYqOxn0+OSwFH51AuPv0kLZ4oMS3IdSXxW2eWiM+U8w=","0TrdQylI+ZMWymz8ZGMbZ2nC0GhkSY7piNdRdHe+FFI=","XV9QenEz6AIMQGTfesfjShrK99L41qAZ91eg5543tIY=","CML/kU9Xx2Wa2/u+YfwEaNdjcQ+jr9WiYa/MxW7wdps=","Jlz2ZtQWi3i6JJv7PrcpKWayYIE5DvIaAIEFRZzu6C4=","rZGLL3yOoZYIzF4umVydl8ZO8KJNddTaN+YwgOxUyKE=","b+OTYXwYEjvdR9s1jkad6LR0o7HSWan5QsuR/2onpqY=","1Ig1VsI40fznOraGB4WdHtjTrt2U/KxqbXvZm+bnmKA=","e3fwF3hmeah626Wg6YySUQl5eC1iZQrBenmugeVrOI4=","um8K67HL01lZJ4dM1AlAeimEVQ3wd9aOiNO0LOzW64Q=","gKJntxe4WEK6F4XOHtV83vKwAUxd2FR/QlHXxHTzW/c=","/2BtUcEZNw1x60vSez1Q7OoUBZrWsVStJnWTBD9iNQ8=","Ca854A5GyC0JdPEybPYl/aOz/7v7z5DNPiwMHlQJw8Y=","lLmZHnS5Jf+j68eF+HHuKiuzHrccCuya6qek6j/dz14=","CjFxxl12G6ugx4ok5o+7396w2Hp/VUJnQreFMNMnyYM=","YZx30c4NLAuxh9OLQt8pr6o7kG/8fE6ppDpw4rINxcI=","oeKQQQJsiMybjOUFCmHdjKP8hr9yF9ByWHOntopum9c=","GvJdfMz7Zo3NgTAKRm+xojihVs6nkLKEBBGXUM7ecxM="],"block_size":4096,"path":"build/devtools.js"},{"block_hashes":["/Nm7pToTghm1p97jY/9Gz9V5akmfL84xwzkJ4aRWYUo=","Pcpk8wundc7GHVtY9j+19Ym1na0vIZTUW3I88g2k7rY="],"block_size":4096,"path":"build/devtools.js.LICENSE.txt"},{"block_hashes":["lKLGmaDlTX3Kj5H+e23ppW9Er9ZgU4w0GTHIyrxllvo=","maHAsSPL27ErCY0Ba2bd9vP1fiiVuO6F9mCPm9+0o1s="],"block_size":4096,"path":"build/hook.js"},{"block_hashes":["z+P4SkY8ONxg4RpMTuYnnXiauXOKvKDqdkItS+ec+Ww="],"block_size":4096,"path":"build/proxy.js"},{"block_hashes":["6s2BPAFo79KIymC5B1ATmPgTpPrkPembG2uBocDSb8c="],"block_size":4096,"path":"devtools-background.html"},{"block_hashes":["fXrHZouAqkWXzG2wY+ZmwT1hOuXqzMThizDjrkg740o="],"block_size":4096,"path":"devtools.html"},{"block_hashes":["12HrW7luA0JEFCa4Qvr5FYck5I9mnW76X5pSNKJsnUI=","p2jasEfEhIk35+bLyKFD/BO9x8KxgTgU9AR78cBq8/k=","ynR6+T7NOchS8AZ1yn3B/zeuyO6utlQP0KYkhZQ7RCI="],"block_size":4096,"path":"icons/128.nuxt.png"},{"block_hashes":["yIEXFuLjwJf74jtQMoPlSiA7b2RwKrjDiUiPp/midDE=","iYpKmFQiWaQ9PLSuFW/wjDM/GoQvtCulo05IWv+VHGE="],"block_size":4096,"path":"icons/128.png"},{"block_hashes":["RXEkrVdOeG1ZEgEWI+kAPClz4IoHL6flDD9DA1jeh/c="],"block_size":4096,"path":"icons/16.nuxt.png"},{"block_hashes":["LFpJgrLm8M0KM05TqFVKGrXp0edNapDDkcAr6PRuL/g="],"block_size":4096,"path":"icons/16.png"},{"block_hashes":["wAvWTaj1L4UqmSLBvnZ3yD/Vxch8fDX0zVLMezMcHK8="],"block_size":4096,"path":"icons/48.nuxt.png"},{"block_hashes":["kQrCnxI2Zact7HHi8qQp2xkA7GcRQCB6s5HdOfuyARk="],"block_size":4096,"path":"icons/48.png"},{"block_hashes":["KBba2vW9GUTvQqTuPOzoPxzxHj6x2n29r99tlPhjk3o="],"block_size":4096,"path":"package.json"},{"block_hashes":["WnOjrFiljUPKGusM8KJ3WQho8yhhQRpNg0KQbfie/aI="],"block_size":4096,"path":"popups/disabled.html"},{"block_hashes":["mTXu9LZsGiR+MWf4aihmfIXCn2L8srS8SNdDZvUTxW0="],"block_size":4096,"path":"popups/disabled.nuxt.html"},{"block_hashes":["hQpLcfZ6eb8VXKwyY9uXUWk8N2u6IpSKivC+o/zMek4="],"block_size":4096,"path":"popups/enabled.html"},{"block_hashes":["7Vbgytq7smmFLHcAB9KGJ9O8kab/3F6itDd0ImTWDl0="],"block_size":4096,"path":"popups/enabled.nuxt.html"},{"block_hashes":["781HwoAgmZsahkwxfcNCpwjrfJu+KSzzHOYjSj6/g8g="],"block_size":4096,"path":"popups/not-found.html"},{"block_hashes":["LnR8NcldUZ57+oj2ck0+VWdsChW2iBynb4m/ayXzgSM="],"block_size":4096,"path":"popups/popup.css"}],"version":2}