[
	{
		"from": "/concepts/",
		"to": "/docs/"
	},
	{
		"from": "/docs/",
		"to": "/docs/getting-started/introduction/"
	},
	{
		"from": "/docs/administration/",
		"to": "/docs/administration/managing-your-team/managing-your-team/"
	},
	{
		"from": "/docs/administration/migrating_to_v7/",
		"to": "/docs/administration/upgrading/"
	},
	{
		"from": "/docs/administration/upgrading-to-v8/",
		"to": "/docs/administration/upgrading/"
	},
	{
		"from": "/docs/administration/sso/",
		"to": "/docs/administration/sso/intro-sso/"
	},
	{
		"from": "/docs/api_testing_and_collection_runner/writing_tests",
		"to": "/docs/writing-scripts/test-scripts/"
	},
	{
		"from": "/docs/collaborating-in-postman/",
		"to": "/docs/collaborating-in-postman/collaboration-intro/"
	},
	{
		"from": "/docs/collaborating-in-postman/using-workspaces/",
		"to": "/docs/collaborating-in-postman/using-workspaces/creating-workspaces/"
	},
	{
		"from": "/docs/collaborating_in_postman/",
		"to": "/docs/collaborating-in-postman/collaboration-intro/"
	},
	{
		"from": "/docs/collaborating_in_postman/using_workspaces/",
		"to": "/docs/collaborating-in-postman/using-workspaces/creating-workspaces/"
	},
	{
		"from": "/docs/collaborating-in-postman/public-workspaces/",
		"to": "/docs/collaborating-in-postman/using-workspaces/public-workspaces/"
	},
	{
		"from": "/docs/designing-and-developing-your-api/",
		"to": "/docs/designing-and-developing-your-api/the-api-workflow/"
	},
	{
		"from": "/docs/designing-and-developing-your-api/mocking-data/",
		"to": "/docs/designing-and-developing-your-api/mocking-data/setting-up-mock/"
	},
	{
		"from": "/docs/designing-and-developing-your-api/monitoring-your-api/",
		"to": "/docs/monitoring-your-api/intro-monitors/"
	},
	{
		"from": "/docs/designing_and_developing_your_api/",
		"to": "/docs/designing-and-developing-your-api/the-api-workflow/"
	},
	{
		"from": "/docs/designing_and_developing_your_api/mocking_data/",
		"to": "/docs/designing-and-developing-your-api/mocking-data/setting-up-mock/"
	},
	{
		"from": "/docs/designing_and_developing_your_api/monitoring_your_api/",
		"to": "/docs/monitoring-your-api/intro-monitors/"
	},
	{
		"from": "/docs/developer/",
		"to": "/docs/developer/resources-intro/"
	},
	{
		"from": "/docs/enterprise/sso/admin_sso/",
		"to": "/docs/administration/sso/admin-sso/"
	},
	{
		"from": "/docs/getting-started/",
		"to": "/docs/getting-started/introduction/"
	},
	{
		"from": "/docs/getting_started/",
		"to": "/docs/getting-started/introduction/"
	},
	{
		"from": "/docs/integrations/",
		"to": "/docs/integrations/intro-integrations/"
	},
	{
		"from": "/docs/integrations/apimatic/",
		"to": "/docs/integrations/available-integrations/apimatic/"
	},
	{
		"from": "/docs/integrations/available-integrations/",
		"to": "/docs/integrations/available-integrations/apimatic/"
	},
	{
		"from": "/docs/integrations/available_integrations/",
		"to": "/docs/integrations/available-integrations/apimatic/"
	},
	{
		"from": "/docs/integrations/bigpanda/",
		"to": "/docs/integrations/available-integrations/bigpanda/"
	},
	{
		"from": "/docs/integrations/bitbucket/",
		"to": "/docs/integrations/available-integrations/bitbucket/"
	},
	{
		"from": "/docs/integrations/coralogix/",
		"to": "/docs/integrations/available-integrations/coralogix/"
	},
	{
		"from": "/docs/integrations/datadog/",
		"to": "/docs/integrations/available-integrations/datadog/"
	},
	{
		"from": "/docs/integrations/dropbox/",
		"to": "/docs/integrations/available-integrations/dropbox/"
	},
	{
		"from": "/docs/integrations/github/",
		"to": "/docs/integrations/available-integrations/github/"
	},
	{
		"from": "/docs/integrations/gitlab/",
		"to": "/docs/integrations/available-integrations/gitlab/"
	},
	{
		"from": "/docs/integrations/hipchat/",
		"to": "/docs/integrations/intro-integrations/"
	},
	{
		"from": "/docs/integrations/keen/",
		"to": "/docs/integrations/available-integrations/keen/"
	},
	{
		"from": "/docs/integrations/microsoft-flow/",
		"to": "/docs/integrations/available-integrations/microsoft-power-automate/"
	},
	{
		"from": "/docs/integrations/microsoft-teams/",
		"to": "/docs/integrations/available-integrations/microsoft-teams/"
	},
	{
		"from": "/docs/integrations/microsoft_flow/",
		"to": "/docs/integrations/available-integrations/microsoft-power-automate/"
	},
	{
		"from": "/docs/integrations/microsoft_teams/",
		"to": "/docs/integrations/available-integrations/microsoft-teams/"
	},
	{
		"from": "/docs/integrations/pagerduty/",
		"to": "/docs/integrations/available-integrations/pagerduty/"
	},
	{
		"from": "/docs/integrations/slack/",
		"to": "/docs/integrations/available-integrations/slack/"
	},
	{
		"from": "/docs/integrations/victorops/",
		"to": "/docs/integrations/available-integrations/splunk-on-call/"
	},
	{
		"from": "/docs/postman-enterprise/audit-logs/",
		"to": "/docs/administration/audit-logs/"
	},
	{
		"from": "/docs/postman-enterprise/intro-to-enterprise/",
		"to": "/docs/administration/buying/"
	},
	{
		"from": "/docs/postman-enterprise/purchasing-enterprise/",
		"to": "/docs/administration/buying/"
	},
	{
		"from": "/docs/postman-enterprise/sso/admin-sso/",
		"to": "/docs/administration/sso/admin-sso/"
	},
	{
		"from": "/docs/postman-enterprise/sso/intro-sso/",
		"to": "/docs/administration/sso/intro-sso/"
	},
	{
		"from": "/docs/postman-enterprise/sso/microsoft-adfs/",
		"to": "/docs/administration/sso/microsoft-adfs/"
	},
	{
		"from": "/docs/postman-enterprise/sso/saml-duo/",
		"to": "/docs/administration/sso/saml-duo/"
	},
	{
		"from": "/docs/postman-enterprise/sso/saml-gsuite/",
		"to": "/docs/administration/sso/saml-gsuite/"
	},
	{
		"from": "/docs/postman-enterprise/sso/saml-in-azure-ad/",
		"to": "/docs/administration/sso/saml-in-azure-ad/"
	},
	{
		"from": "/docs/postman-enterprise/sso/saml-okta/",
		"to": "/docs/administration/sso/saml-okta/"
	},
	{
		"from": "/docs/postman-enterprise/sso/saml-onelogin/",
		"to": "/docs/administration/sso/saml-onelogin/"
	},
	{
		"from": "/docs/postman-enterprise/sso/saml-ping/",
		"to": "/docs/administration/sso/saml-ping/"
	},
	{
		"from": "/docs/postman-enterprise/sso/user-sso/",
		"to": "/docs/administration/sso/user-sso/"
	},
	{
		"from": "/docs/postman-enterprise/using-static-IPs-to-monitor/",
		"to": "/docs/monitoring-your-api/using-static-IPs-to-monitor/"
	},
	{
		"from": "/docs/postman-for-publishers/api-network/add-api-network/",
		"to": "/docs/publishing-your-api/authoring-your-documentation/"
	},
	{
		"from": "/docs/postman-for-publishers/api-network/api-submission-guidelines/",
		"to": "/docs/publishing-your-api/authoring-your-documentation/"
	},
	{
		"from": "/docs/postman-for-publishers/postman-templates/add-templates/",
		"to": "/docs/publishing-your-api/authoring-your-documentation/"
	},
	{
		"from": "/docs/postman-for-publishers/postman-templates/template-guidelines/",
		"to": "/docs/publishing-your-api/authoring-your-documentation/"
	},
	{
		"from": "/docs/postman-for-publishers/public-api-docs/",
		"to": "/docs/publishing-your-api/publishing-your-docs/"
	},
	{
		"from": "/docs/postman-for-publishers/run-button/collections-run-button/",
		"to": "/docs/publishing-your-api/run-in-postman/creating-run-button/"
	},
	{
		"from": "/docs/postman-for-publishers/run-button/environments-run-button/",
		"to": "/docs/publishing-your-api/run-in-postman/creating-run-button/"
	},
	{
		"from": "/docs/postman-for-publishers/run-button/run-button-API/",
		"to": "/docs/publishing-your-api/run-in-postman/run-button-API/"
	},
	{
		"from": "/docs/postman-for-publishers/run-button/security/",
		"to": "/docs/publishing-your-api/run-in-postman/introduction-run-button/"
	},
	{
		"from": "/docs/postman-for-publishers/run-button/using-run-button/",
		"to": "/docs/publishing-your-api/run-in-postman/introduction-run-button/"
	},
	{
		"from": "/docs/postman-for-publishers/run-in-postman/collections-run-button/",
		"to": "/docs/publishing-your-api/run-in-postman/creating-run-button/"
	},
	{
		"from": "/docs/postman-for-publishers/run-in-postman/creating-run-button/",
		"to": "/docs/publishing-your-api/run-in-postman/creating-run-button/"
	},
	{
		"from": "/docs/postman-for-publishers/run-in-postman/environments-run-button/",
		"to": "/docs/publishing-your-api/run-in-postman/creating-run-button/"
	},
	{
		"from": "/docs/postman-for-publishers/run-in-postman/introduction-run-button/",
		"to": "/docs/publishing-your-api/run-in-postman/introduction-run-button/"
	},
	{
		"from": "/docs/postman-for-publishers/run-in-postman/run-button-API/",
		"to": "/docs/publishing-your-api/run-in-postman/run-button-API/"
	},
	{
		"from": "/docs/postman-for-publishers/run-in-postman/security/",
		"to": "/docs/publishing-your-api/run-in-postman/introduction-run-button/"
	},
	{
		"from": "/docs/postman-for-publishers/run-in-postman/using-run-button/",
		"to": "/docs/publishing-your-api/run-in-postman/introduction-run-button/"
	},
	{
		"from": "/docs/postman-pro/integrations/apimatic/",
		"to": "/docs/integrations/available-integrations/apimatic/"
	},
	{
		"from": "/docs/postman-pro/integrations/bigpanda/",
		"to": "/docs/integrations/available-integrations/bigpanda/"
	},
	{
		"from": "/docs/postman-pro/integrations/coralogix/",
		"to": "/docs/integrations/available-integrations/coralogix/"
	},
	{
		"from": "/docs/postman-pro/integrations/dropbox/",
		"to": "/docs/integrations/available-integrations/dropbox/"
	},
	{
		"from": "/docs/postman-pro/integrations/github/",
		"to": "/docs/integrations/available-integrations/github/"
	},
	{
		"from": "/docs/postman-pro/integrations/gitlab/",
		"to": "/docs/integrations/available-integrations/gitlab/"
	},
	{
		"from": "/docs/postman-pro/integrations/hipchat/",
		"to": "/docs/integrations/intro-integrations/"
	},
	{
		"from": "/docs/postman-pro/integrations/intro-integrations/",
		"to": "/docs/integrations/intro-integrations/"
	},
	{
		"from": "/docs/postman-pro/integrations/keen/",
		"to": "/docs/integrations/available-integrations/keen/"
	},
	{
		"from": "/docs/postman-pro/integrations/microsoft-flow/",
		"to": "/docs/integrations/available-integrations/microsoft-power-automate/"
	},
	{
		"from": "/docs/postman-pro/integrations/microsoft-teams/",
		"to": "/docs/integrations/available-integrations/microsoft-teams/"
	},
	{
		"from": "/docs/postman-pro/integrations/pagerduty/",
		"to": "/docs/integrations/available-integrations/pagerduty/"
	},
	{
		"from": "/docs/postman-pro/integrations/slack/",
		"to": "/docs/integrations/available-integrations/slack/"
	},
	{
		"from": "/docs/postman-pro/integrations/victorops/",
		"to": "/docs/integrations/available-integrations/splunk-on-call/"
	},
	{
		"from": "/docs/postman-pro/integrations/webhooks/",
		"to": "/docs/integrations/webhooks/"
	},
	{
		"from": "/docs/postman-pro/managing-pro/billing-and-pricing/",
		"to": "/docs/administration/billing/"
	},
	{
		"from": "/docs/postman-pro/managing-pro/billing/",
		"to": "/docs/administration/billing/"
	},
	{
		"from": "/docs/postman-pro/managing-pro/buying/",
		"to": "/docs/administration/buying/"
	},
	{
		"from": "/docs/postman-pro/managing-pro/changing-your-plan/",
		"to": "/docs/administration/billing/"
	},
	{
		"from": "/docs/postman-pro/managing-pro/inviting-and-managing/",
		"to": "/docs/administration/managing-your-team/managing-your-team/"
	},
	{
		"from": "/docs/postman-pro/managing-pro/managing-your-billing/",
		"to": "/docs/administration/billing/"
	},
	{
		"from": "/docs/postman-pro/managing-pro/managing-your-team/",
		"to": "/docs/administration/managing-your-team/managing-your-team/"
	},
	{
		"from": "/docs/postman-pro/managing-pro/migrating-to-v7/",
		"to": "/docs/administration/upgrading/"
	},
	{
		"from": "/docs/postman-pro/managing-pro/purchasing-pro/",
		"to": "/docs/administration/buying/"
	},
	{
		"from": "/docs/postman-pro/managing-pro/roles-and-permissions/",
		"to": "/docs/collaborating-in-postman/roles-and-permissions/"
	},
	{
		"from": "/docs/postman-pro/managing-pro/team-settings/",
		"to": "/docs/administration/team-settings/"
	},
	{
		"from": "/docs/postman-pro/managing-pro/upgrading-to-postman-pro-from-a-trial-team/",
		"to": "/docs/administration/buying/"
	},
	{
		"from": "/docs/postman-pro/what-is-pro/",
		"to": "/docs/administration/buying/"
	},
	{
		"from": "/docs/postman/api-documentation/adding-and-verifying-custom-domains/",
		"to": "/docs/publishing-your-api/custom-doc-domains/"
	},
	{
		"from": "/docs/postman/api-documentation/adding-team-name-and-logo/",
		"to": "/docs/publishing-your-api/publishing-your-docs/"
	},
	{
		"from": "/docs/postman/api-documentation/authoring-your-documentation/",
		"to": "/docs/publishing-your-api/authoring-your-documentation/"
	},
	{
		"from": "/docs/postman/api-documentation/custom-doc-domains/",
		"to": "/docs/publishing-your-api/custom-doc-domains/"
	},
	{
		"from": "/docs/postman/api-documentation/documenting-your-api/",
		"to": "/docs/publishing-your-api/documenting-your-api/"
	},
	{
		"from": "/docs/postman/api-documentation/environments-and-environment-templates/",
		"to": "/docs/publishing-your-api/documenting-your-api/"
	},
	{
		"from": "/docs/postman/api-documentation/how-to-document-using-markdown/",
		"to": "/docs/publishing-your-api/authoring-your-documentation/"
	},
	{
		"from": "/docs/postman/api-documentation/intro-to-api-documentation/",
		"to": "/docs/publishing-your-api/documenting-your-api/"
	},
	{
		"from": "/docs/postman/api-documentation/publishing-public-docs/",
		"to": "/docs/publishing-your-api/publishing-your-docs/"
	},
	{
		"from": "/docs/postman/api-documentation/publishing-your-docs/",
		"to": "/docs/publishing-your-api/publishing-your-docs/"
	},
	{
		"from": "/docs/postman/api-documentation/viewing-documentation/",
		"to": "/docs/publishing-your-api/viewing-documentation/"
	},
	{
		"from": "/docs/postman/api_documentation/adding_and_verifying_custom_domains/",
		"to": "/docs/publishing-your-api/custom-doc-domains/"
	},
	{
		"from": "/docs/postman/api_documentation/adding_team_name_and_logo/",
		"to": "/docs/publishing-your-api/publishing-your-docs/"
	},
	{
		"from": "/docs/postman/api_documentation/authoring_your_documentation/",
		"to": "/docs/publishing-your-api/authoring-your-documentation/"
	},
	{
		"from": "/docs/postman/api_documentation/custom_doc_domains/",
		"to": "/docs/publishing-your-api/custom-doc-domains/"
	},
	{
		"from": "/docs/postman/api_documentation/documenting_your_api/",
		"to": "/docs/publishing-your-api/documenting-your-api/"
	},
	{
		"from": "/docs/postman/api_documentation/environments_and_environment_templates/",
		"to": "/docs/publishing-your-api/documenting-your-api/"
	},
	{
		"from": "/docs/postman/api_documentation/how_to_document_using_markdown/",
		"to": "/docs/publishing-your-api/authoring-your-documentation/"
	},
	{
		"from": "/docs/postman/api_documentation/intro_to_api_documentation/",
		"to": "/docs/publishing-your-api/documenting-your-api/"
	},
	{
		"from": "/docs/postman/api_documentation/publishing_public_docs/",
		"to": "/docs/publishing-your-api/publishing-your-docs/"
	},
	{
		"from": "/docs/postman/api_documentation/publishing_your_docs/",
		"to": "/docs/publishing-your-api/publishing-your-docs/"
	},
	{
		"from": "/docs/postman/api_documentation/viewing_documentation/",
		"to": "/docs/publishing-your-api/viewing-documentation/"
	},
	{
		"from": "/docs/postman/collaboration/adding-private-network/",
		"to": "/docs/collaborating-in-postman/adding-private-network/"
	},
	{
		"from": "/docs/postman/collaboration/adding_private_network/",
		"to": "/docs/collaborating-in-postman/adding-private-network/"
	},
	{
		"from": "/docs/postman/collaboration/audit-logs/",
		"to": "/docs/administration/audit-logs/"
	},
	{
		"from": "/docs/postman/collaboration/audit_logs/",
		"to": "/docs/administration/audit-logs/"
	},
	{
		"from": "/docs/postman/collaboration/collaboration-intro/",
		"to": "/docs/collaborating-in-postman/collaboration-intro/"
	},
	{
		"from": "/docs/postman/collaboration/collaboration_intro/",
		"to": "/docs/collaborating-in-postman/collaboration-intro/"
	},
	{
		"from": "/docs/postman/collaboration/managing-your-team/",
		"to": "/docs/administration/managing-your-team/managing-your-team/"
	},
	{
		"from": "/docs/postman/collaboration/managing_your_team/",
		"to": "/docs/administration/managing-your-team/managing-your-team/"
	},
	{
		"from": "/docs/postman/collaboration/requesting-access-to-collections/",
		"to": "/docs/collaborating-in-postman/requesting-access-to-collections/"
	},
	{
		"from": "/docs/postman/collaboration/requesting_access_to_collections/",
		"to": "/docs/collaborating-in-postman/requesting-access-to-collections/"
	},
	{
		"from": "/docs/postman/collaboration/roles-and-permissions/",
		"to": "/docs/collaborating-in-postman/roles-and-permissions/"
	},
	{
		"from": "/docs/postman/collaboration/roles_and_permissions/",
		"to": "/docs/collaborating-in-postman/roles-and-permissions/"
	},
	{
		"from": "/docs/postman/collaboration/team-settings/",
		"to": "/docs/administration/team-settings/"
	},
	{
		"from": "/docs/postman/collaboration/team_settings/",
		"to": "/docs/administration/team-settings/"
	},
	{
		"from": "/docs/postman/collection-runs/building-workflows/",
		"to": "/docs/running-collections/building-workflows/"
	},
	{
		"from": "/docs/postman/collection-runs/command-line-integration-with-newman/",
		"to": "/docs/running-collections/using-newman-cli/command-line-integration-with-newman/"
	},
	{
		"from": "/docs/postman/collection-runs/debugging-a-collection-run/",
		"to": "/docs/running-collections/intro-to-collection-runs/"
	},
	{
		"from": "/docs/postman/collection-runs/integration-with-jenkins/",
		"to": "/docs/running-collections/using-newman-cli/integration-with-jenkins/"
	},
	{
		"from": "/docs/postman/collection-runs/integration-with-travis/",
		"to": "/docs/running-collections/using-newman-cli/integration-with-travis/"
	},
	{
		"from": "/docs/postman/collection-runs/intro-to-collection-runs/",
		"to": "/docs/running-collections/intro-to-collection-runs/"
	},
	{
		"from": "/docs/postman/collection-runs/newman-with-docker/",
		"to": "/docs/running-collections/using-newman-cli/newman-with-docker/"
	},
	{
		"from": "/docs/postman/collection-runs/running-multiple-iterations/",
		"to": "/docs/running-collections/intro-to-collection-runs/"
	},
	{
		"from": "/docs/postman/collection-runs/sharing-a-collection-run/",
		"to": "/docs/running-collections/intro-to-collection-runs/"
	},
	{
		"from": "/docs/postman/collection-runs/starting-a-collection-run/",
		"to": "/docs/running-collections/intro-to-collection-runs/"
	},
	{
		"from": "/docs/postman/collection-runs/using-environments-in-collection-runs/",
		"to": "/docs/running-collections/intro-to-collection-runs/"
	},
	{
		"from": "/docs/postman/collection-runs/working-with-data-files/",
		"to": "/docs/running-collections/working-with-data-files/"
	},
	{
		"from": "/docs/postman/collection_runs/building_workflows/",
		"to": "/docs/running-collections/building-workflows/"
	},
	{
		"from": "/docs/postman/collection_runs/command_line_integration_with_newman/",
		"to": "/docs/running-collections/using-newman-cli/command-line-integration-with-newman/"
	},
	{
		"from": "/docs/postman/collection_runs/debugging_a_collection_run/",
		"to": "/docs/running-collections/intro-to-collection-runs/"
	},
	{
		"from": "/docs/postman/collection_runs/integration_with_jenkins/",
		"to": "/docs/running-collections/using-newman-cli/integration-with-jenkins/"
	},
	{
		"from": "/docs/postman/collection_runs/integration_with_travis/",
		"to": "/docs/running-collections/using-newman-cli/integration-with-travis/"
	},
	{
		"from": "/docs/postman/collection_runs/intro_to_collection_runs/",
		"to": "/docs/running-collections/intro-to-collection-runs/"
	},
	{
		"from": "/docs/postman/collection_runs/newman_with_docker/",
		"to": "/docs/running-collections/using-newman-cli/newman-with-docker/"
	},
	{
		"from": "/docs/postman/collection_runs/running_multiple_iterations/",
		"to": "/docs/running-collections/intro-to-collection-runs/"
	},
	{
		"from": "/docs/postman/collection_runs/sharing_a_collection_run/",
		"to": "/docs/running-collections/intro-to-collection-runs/"
	},
	{
		"from": "/docs/postman/collection_runs/starting_a_collection_run/",
		"to": "/docs/running-collections/intro-to-collection-runs/"
	},
	{
		"from": "/docs/postman/collection_runs/using_environments_in_collection_runs/",
		"to": "/docs/running-collections/intro-to-collection-runs/"
	},
	{
		"from": "/docs/postman/collection_runs/working_with_data_files/",
		"to": "/docs/running-collections/working-with-data-files/"
	},
	{
		"from": "/docs/postman/collections/commenting-on-collections/",
		"to": "/docs/collaborating-in-postman/commenting-on-collections/"
	},
	{
		"from": "/docs/postman/collections/commenting_on_collections/",
		"to": "/docs/collaborating-in-postman/commenting-on-collections/"
	},
	{
		"from": "/docs/postman/collections/creating-collections/",
		"to": "/docs/sending-requests/intro-to-collections/"
	},
	{
		"from": "/docs/postman/collections/creating_collections/",
		"to": "/docs/sending-requests/intro-to-collections/"
	},
	{
		"from": "/docs/postman/collections/data-formats/",
		"to": "/docs/getting-started/importing-and-exporting-data/"
	},
	{
		"from": "/docs/postman/collections/data_formats/",
		"to": "/docs/getting-started/importing-and-exporting-data/"
	},
	{
		"from": "/docs/postman/collections/examples/",
		"to": "/docs/sending-requests/examples/"
	},
	{
		"from": "/docs/postman/collections/importing-and-exporting-data/",
		"to": "/docs/getting-started/importing-and-exporting-data/"
	},
	{
		"from": "/docs/postman/collections/importing_and_exporting_data/",
		"to": "/docs/getting-started/importing-and-exporting-data/"
	},
	{
		"from": "/docs/postman/collections/intro-to-collections/",
		"to": "/docs/sending-requests/intro-to-collections/"
	},
	{
		"from": "/docs/postman/collections/intro_to_collections/",
		"to": "/docs/sending-requests/intro-to-collections/"
	},
	{
		"from": "/docs/postman/collections/managing-collections/",
		"to": "/docs/sending-requests/intro-to-collections/"
	},
	{
		"from": "/docs/postman/collections/managing_collections/",
		"to": "/docs/sending-requests/intro-to-collections/"
	},
	{
		"from": "/docs/postman/collections/requesting-access-to-collections/",
		"to": "/docs/collaborating-in-postman/requesting-access-to-collections/"
	},
	{
		"from": "/docs/postman/collections/requesting_access_to_collections/",
		"to": "/docs/collaborating-in-postman/requesting-access-to-collections/"
	},
	{
		"from": "/docs/postman/collections/sharing-collections/",
		"to": "/docs/collaborating-in-postman/sharing/"
	},
	{
		"from": "/docs/postman/collections/sharing_collections/",
		"to": "/docs/collaborating-in-postman/sharing/"
	},
	{
		"from": "/docs/postman/collections/using-markdown-for-descriptions/",
		"to": "/docs/sending-requests/intro-to-collections/"
	},
	{
		"from": "/docs/postman/collections/using_markdown_for_descriptions/",
		"to": "/docs/sending-requests/intro-to-collections/"
	},
	{
		"from": "/docs/postman/collections/version-control-for-collections/",
		"to": "/docs/collaborating-in-postman/version-control-for-collections/"
	},
	{
		"from": "/docs/postman/collections/version_control/",
		"to": "/docs/collaborating-in-postman/version-control-for-collections/"
	},
	{
		"from": "/docs/postman/collections/version_control_for_collections/",
		"to": "/docs/collaborating-in-postman/version-control-for-collections/"
	},
	{
		"from": "/docs/postman/collections/working-with-openAPI/",
		"to": "/docs/integrations/available-integrations/working-with-openAPI/"
	},
	{
		"from": "/docs/postman/collections/working_with_openAPI/",
		"to": "/docs/integrations/available-integrations/working-with-openAPI/"
	},
	{
		"from": "/docs/postman/customizing-postman/",
		"to": "/docs/sending-requests/requests/"
	},
	{
		"from": "/docs/postman/customizing_postman/",
		"to": "/docs/sending-requests/requests/"
	},
	{
		"from": "/docs/postman/design-and-develop-apis/introduction-to-apis/",
		"to": "/docs/designing-and-developing-your-api/the-api-workflow/"
	},
	{
		"from": "/docs/postman/design-and-develop-apis/managing-apis/",
		"to": "/docs/designing-and-developing-your-api/managing-apis/"
	},
	{
		"from": "/docs/postman/design-and-develop-apis/reporting-faqs/",
		"to": "/docs/reports/reports-overview/"
	},
	{
		"from": "/docs/postman/design-and-develop-apis/sharing-apis/",
		"to": "/docs/designing-and-developing-your-api/managing-apis/"
	},
	{
		"from": "/docs/postman/design-and-develop-apis/the-api-workflow/",
		"to": "/docs/designing-and-developing-your-api/the-api-workflow/"
	},
	{
		"from": "/docs/postman/design-and-develop-apis/validating-elements-against-schema/",
		"to": "/docs/designing-and-developing-your-api/developing-an-api/validating-elements-against-schema/"
	},
	{
		"from": "/docs/postman/design-and-develop-apis/versioning-an-api/",
		"to": "/docs/designing-and-developing-your-api/versioning-an-api/"
	},
	{
		"from": "/docs/postman/design-and-develop-apis/view-and-analyze-api-reports/",
		"to": "/docs/reports/reports-overview/"
	},
	{
		"from": "/docs/postman/design_and_develop_apis/introduction_to_apis/",
		"to": "/docs/designing-and-developing-your-api/the-api-workflow/"
	},
	{
		"from": "/docs/postman/design_and_develop_apis/managing_apis/",
		"to": "/docs/designing-and-developing-your-api/managing-apis/"
	},
	{
		"from": "/docs/postman/design_and_develop_apis/reporting_faqs/",
		"to": "/docs/reports/reports-overview/"
	},
	{
		"from": "/docs/postman/design_and_develop_apis/sharing_apis/",
		"to": "/docs/designing-and-developing-your-api/managing-apis/"
	},
	{
		"from": "/docs/postman/design_and_develop_apis/the_api_workflow/",
		"to": "/docs/designing-and-developing-your-api/the-api-workflow/"
	},
	{
		"from": "/docs/postman/design_and_develop_apis/validating_elements_against_schema/",
		"to": "/docs/designing-and-developing-your-api/developing-an-api/validating-elements-against-schema/"
	},
	{
		"from": "/docs/postman/design_and_develop_apis/versioning_an_api/",
		"to": "/docs/designing-and-developing-your-api/versioning-an-api/"
	},
	{
		"from": "/docs/collaborating-in-postman/versioning-an-api/",
		"to": "/docs/designing-and-developing-your-api/versioning-an-api/"
	},
	{
		"from": "/docs/postman/design_and_develop_apis/view_and_analyze_api_reports/",
		"to": "/docs/reports/reports-overview/"
	},
	{
		"from": "/docs/postman/environments-and-globals/intro-to-environments-and-globals/",
		"to": "/docs/sending-requests/managing-environments/"
	},
	{
		"from": "/docs/postman/environments-and-globals/manage-environments/",
		"to": "/docs/sending-requests/managing-environments/"
	},
	{
		"from": "/docs/postman/environments-and-globals/manage-globals/",
		"to": "/docs/sending-requests/variables/"
	},
	{
		"from": "/docs/postman/environments-and-globals/sessions/",
		"to": "/docs/sending-requests/variables/"
	},
	{
		"from": "/docs/postman/environments-and-globals/variables-complete-reference/",
		"to": "/docs/sending-requests/variables/"
	},
	{
		"from": "/docs/postman/environments-and-globals/variables-list/",
		"to": "/docs/writing-scripts/script-references/variables-list/"
	},
	{
		"from": "/docs/postman/environments-and-globals/variables/",
		"to": "/docs/sending-requests/variables/"
	},
	{
		"from": "/docs/postman/environments_and_globals/intro_to_environments_and_globals/",
		"to": "/docs/sending-requests/managing-environments/"
	},
	{
		"from": "/docs/postman/environments_and_globals/manage_environments/",
		"to": "/docs/sending-requests/managing-environments/"
	},
	{
		"from": "/docs/postman/environments_and_globals/manage_globals/",
		"to": "/docs/sending-requests/variables/"
	},
	{
		"from": "/docs/postman/environments_and_globals/sessions",
		"to": "/docs/sending-requests/managing-environments/"
	},
	{
		"from": "/docs/postman/environments_and_globals/sessions/",
		"to": "/docs/sending-requests/variables/"
	},
	{
		"from": "/docs/postman/environments_and_globals/variables/",
		"to": "/docs/sending-requests/variables/"
	},
	{
		"from": "/docs/postman/environments_and_globals/variables_complete_reference/",
		"to": "/docs/sending-requests/variables/"
	},
	{
		"from": "/docs/postman/environments_and_globals/variables_list/",
		"to": "/docs/writing-scripts/script-references/variables-list/"
	},
	{
		"from": "/docs/postman/find-replace/",
		"to": "/docs/getting-started/navigating-postman/"
	},
	{
		"from": "/docs/postman/find_replace/",
		"to": "/docs/getting-started/navigating-postman/"
	},
	{
		"from": "/docs/postman/launching-postman/collaboration/",
		"to": "/docs/collaborating-in-postman/collaboration-intro/"
	},
	{
		"from": "/docs/postman/launching-postman/creating-the-first-collection/",
		"to": "/docs/getting-started/creating-the-first-collection/"
	},
	{
		"from": "/docs/postman/launching-postman/installation-and-updates/",
		"to": "/docs/getting-started/installation-and-updates/"
	},
	{
		"from": "/docs/postman/launching-postman/introduction/",
		"to": "/docs/getting-started/introduction/"
	},
	{
		"from": "/docs/postman/launching-postman/keyboard-shortcuts/",
		"to": "/docs/getting-started/navigating-postman/"
	},
	{
		"from": "/docs/postman/launching-postman/navigating-postman/",
		"to": "/docs/getting-started/navigating-postman/"
	},
	{
		"from": "/docs/postman/launching-postman/newbutton/",
		"to": "/docs/getting-started/navigating-postman/"
	},
	{
		"from": "/docs/postman/launching-postman/postman-account/",
		"to": "/docs/getting-started/postman-account/"
	},
	{
		"from": "/docs/postman/launching-postman/sending-the-first-request/",
		"to": "/docs/getting-started/sending-the-first-request/"
	},
	{
		"from": "/docs/postman/launching-postman/settings/",
		"to": "/docs/getting-started/settings/"
	},
	{
		"from": "/docs/postman/launching-postman/syncing/",
		"to": "/docs/getting-started/syncing/"
	},
	{
		"from": "/docs/postman/launching-postman/troubleshooting-inapp/",
		"to": "/docs/getting-started/troubleshooting-inapp/"
	},
	{
		"from": "/docs/postman/launching_postman/collaboration/",
		"to": "/docs/collaborating-in-postman/collaboration-intro/"
	},
	{
		"from": "/docs/postman/launching_postman/creating_the_first_collection/",
		"to": "/docs/getting-started/creating-the-first-collection/"
	},
	{
		"from": "/docs/postman/launching_postman/installation_and_updates/",
		"to": "/docs/getting-started/installation-and-updates/"
	},
	{
		"from": "/docs/postman/launching_postman/introduction/",
		"to": "/docs/getting-started/introduction/"
	},
	{
		"from": "/docs/postman/launching_postman/keyboard_shortcuts/",
		"to": "/docs/getting-started/navigating-postman/"
	},
	{
		"from": "/docs/postman/launching_postman/navigating_postman/",
		"to": "/docs/getting-started/navigating-postman/"
	},
	{
		"from": "/docs/postman/launching_postman/newbutton/",
		"to": "/docs/getting-started/navigating-postman/"
	},
	{
		"from": "/docs/postman/launching_postman/postman_account/",
		"to": "/docs/getting-started/postman-account/"
	},
	{
		"from": "/docs/postman/launching_postman/sending_the_first_request/",
		"to": "/docs/getting-started/sending-the-first-request/"
	},
	{
		"from": "/docs/postman/launching_postman/settings/",
		"to": "/docs/getting-started/settings/"
	},
	{
		"from": "/docs/postman/launching_postman/syncing/",
		"to": "/docs/getting-started/syncing/"
	},
	{
		"from": "/docs/postman/launching_postman/troubleshooting_inapp/",
		"to": "/docs/getting-started/troubleshooting-inapp/"
	},
	{
		"from": "/docs/postman/mock-servers/intro-to-mock-servers/",
		"to": "/docs/designing-and-developing-your-api/mocking-data/setting-up-mock/"
	},
	{
		"from": "/docs/postman/mock-servers/matching-algorithm/",
		"to": "/docs/designing-and-developing-your-api/mocking-data/matching-algorithm/"
	},
	{
		"from": "/docs/postman/mock-servers/mock-with-api/",
		"to": "/docs/designing-and-developing-your-api/mocking-data/mock-with-api/"
	},
	{
		"from": "/docs/postman/mock-servers/mocking-with-examples/",
		"to": "/docs/designing-and-developing-your-api/mocking-data/mocking-with-examples/"
	},
	{
		"from": "/docs/postman/mock-servers/setting-up-mock/",
		"to": "/docs/designing-and-developing-your-api/mocking-data/setting-up-mock/"
	},
	{
		"from": "/docs/postman/mock_servers/intro_to_mock_servers/",
		"to": "/docs/designing-and-developing-your-api/mocking-data/setting-up-mock/"
	},
	{
		"from": "/docs/postman/mock_servers/matching_algorithm/",
		"to": "/docs/designing-and-developing-your-api/mocking-data/matching-algorithm/"
	},
	{
		"from": "/docs/postman/mock_servers/mock_with_api/",
		"to": "/docs/designing-and-developing-your-api/mocking-data/mock-with-api/"
	},
	{
		"from": "/docs/postman/mock_servers/mocking_with_examples/",
		"to": "/docs/designing-and-developing-your-api/mocking-data/mocking-with-examples/"
	},
	{
		"from": "/docs/postman/mock_servers/setting_up_mock/",
		"to": "/docs/designing-and-developing-your-api/mocking-data/setting-up-mock/"
	},
	{
		"from": "/docs/postman/monitors/faqs-monitors/",
		"to": "/docs/monitoring-your-api/faqs-monitors/"
	},
	{
		"from": "/docs/postman/monitors/faqs_monitors/",
		"to": "/docs/monitoring-your-api/faqs-monitors/"
	},
	{
		"from": "/docs/postman/monitors/integrations-for-alerts/",
		"to": "/docs/running-collections/collection-webhooks/"
	},
	{
		"from": "/docs/postman/monitors/integrations_for_alerts/",
		"to": "/docs/running-collections/collection-webhooks/"
	},
	{
		"from": "/docs/postman/monitors/intro-monitors/",
		"to": "/docs/monitoring-your-api/intro-monitors/"
	},
	{
		"from": "/docs/postman/monitors/intro_monitors/",
		"to": "/docs/monitoring-your-api/intro-monitors/"
	},
	{
		"from": "/docs/postman/monitors/monitoring-apis-websites/",
		"to": "/docs/writing-scripts/test-with-monitors/"
	},
	{
		"from": "/docs/postman/monitors/monitoring_apis_websites/",
		"to": "/docs/writing-scripts/test-with-monitors/"
	},
	{
		"from": "/docs/postman/monitors/pricing-monitors/",
		"to": "/docs/monitoring-your-api/monitor-usage/"
	},
	{
		"from": "/docs/postman/monitors/pricing_monitors/",
		"to": "/docs/monitoring-your-api/monitor-usage/"
	},
	{
		"from": "/docs/postman/monitors/setting-up-monitor/",
		"to": "/docs/monitoring-your-api/setting-up-monitor/"
	},
	{
		"from": "/docs/postman/monitors/setting_up_monitor/",
		"to": "/docs/monitoring-your-api/setting-up-monitor/"
	},
	{
		"from": "/docs/postman/monitors/troubleshooting-monitors/",
		"to": "/docs/monitoring-your-api/troubleshooting-monitors/"
	},
	{
		"from": "/docs/postman/monitors/troubleshooting_monitors/",
		"to": "/docs/monitoring-your-api/troubleshooting-monitors/"
	},
	{
		"from": "/docs/postman/monitors/using-static-IPs-to-monitor/",
		"to": "/docs/monitoring-your-api/using-static-IPs-to-monitor/"
	},
	{
		"from": "/docs/postman/monitors/using_static_IPs_to_monitor/",
		"to": "/docs/monitoring-your-api/using-static-IPs-to-monitor/"
	},
	{
		"from": "/docs/postman/monitors/viewing-monitor-results/",
		"to": "/docs/monitoring-your-api/viewing-monitor-results/"
	},
	{
		"from": "/docs/postman/monitors/viewing_monitor_results/",
		"to": "/docs/monitoring-your-api/viewing-monitor-results/"
	},
	{
		"from": "/docs/postman/notifications/",
		"to": "/docs/collaborating-in-postman/collaboration-intro/"
	},
	{
		"from": "/docs/postman/postman-api/continuous-integration/",
		"to": "/docs/running-collections/using-newman-cli/continuous-integration/"
	},
	{
		"from": "/docs/postman/postman-api/intro-api/",
		"to": "/docs/developer/intro-api/"
	},
	{
		"from": "/docs/postman/postman_api/continuous_integration/",
		"to": "/docs/running-collections/using-newman-cli/continuous-integration/"
	},
	{
		"from": "/docs/postman/postman_api/intro_api/",
		"to": "/docs/developer/intro-api/"
	},
	{
		"from": "/docs/postman/scripts/branching-and-looping/",
		"to": "/docs/running-collections/building-workflows/"
	},
	{
		"from": "/docs/postman/scripts/branching_and_looping/",
		"to": "/docs/running-collections/building-workflows/"
	},
	{
		"from": "/docs/postman/scripts/intro-to-scripts/",
		"to": "/docs/writing-scripts/intro-to-scripts/"
	},
	{
		"from": "/docs/postman/scripts/intro_to_scripts/",
		"to": "/docs/writing-scripts/intro-to-scripts/"
	},
	{
		"from": "/docs/postman/scripts/postman-sandbox-api-reference/",
		"to": "/docs/writing-scripts/script-references/postman-sandbox-api-reference/"
	},
	{
		"from": "/docs/postman/scripts/postman-sandbox/",
		"to": "/docs/writing-scripts/script-references/postman-sandbox-api-reference/"
	},
	{
		"from": "/docs/postman/scripts/postman_sandbox/",
		"to": "/docs/writing-scripts/script-references/postman-sandbox-api-reference/"
	},
	{
		"from": "/docs/postman/scripts/postman_sandbox_api_reference/",
		"to": "/docs/writing-scripts/script-references/postman-sandbox-api-reference/"
	},
	{
		"from": "/docs/postman/scripts/pre-request-scripts/",
		"to": "/docs/writing-scripts/pre-request-scripts/"
	},
	{
		"from": "/docs/postman/scripts/pre_request_scripts/",
		"to": "/docs/writing-scripts/pre-request-scripts/"
	},
	{
		"from": "/docs/postman/scripts/test-examples/",
		"to": "/docs/writing-scripts/script-references/test-examples/"
	},
	{
		"from": "/docs/postman/scripts/test-scripts/",
		"to": "/docs/writing-scripts/test-scripts/"
	},
	{
		"from": "/docs/postman/scripts/test_examples/",
		"to": "/docs/writing-scripts/script-references/test-examples/"
	},
	{
		"from": "/docs/postman/scripts/test_scripts/",
		"to": "/docs/writing-scripts/test-scripts/"
	},
	{
		"from": "/docs/postman/sending-api-requests/authorization/",
		"to": "/docs/sending-requests/authorization/"
	},
	{
		"from": "/docs/postman/sending-api-requests/capturing-http-requests/",
		"to": "/docs/sending-requests/capturing-request-data/capturing-http-requests/"
	},
	{
		"from": "/docs/postman/sending-api-requests/certificates/",
		"to": "/docs/sending-requests/certificates/"
	},
	{
		"from": "/docs/postman/sending-api-requests/cookies/",
		"to": "/docs/sending-requests/cookies/"
	},
	{
		"from": "/docs/postman/sending-api-requests/debugging-and-logs/",
		"to": "/docs/sending-requests/troubleshooting-api-requests/"
	},
	{
		"from": "/docs/postman/sending-api-requests/generate-code-snippets/",
		"to": "/docs/sending-requests/generate-code-snippets/"
	},
	{
		"from": "/docs/postman/sending-api-requests/graphql/",
		"to": "/docs/sending-requests/graphql/graphql/"
	},
	{
		"from": "/docs/postman/sending-api-requests/history/",
		"to": "/docs/getting-started/navigating-postman/"
	},
	{
		"from": "/docs/postman/sending-api-requests/interceptor-extension/",
		"to": "/docs/sending-requests/capturing-request-data/interceptor/"
	},
	{
		"from": "/docs/postman/sending-api-requests/interceptor/",
		"to": "/docs/sending-requests/capturing-request-data/interceptor/"
	},
	{
		"from": "/docs/postman/sending-api-requests/making-soap-requests/",
		"to": "/docs/sending-requests/soap/making-soap-requests/"
	},
	{
		"from": "/docs/postman/sending-api-requests/proxy/",
		"to": "/docs/getting-started/proxy/"
	},
	{
		"from": "/docs/postman/sending-api-requests/requests/",
		"to": "/docs/sending-requests/requests/"
	},
	{
		"from": "/docs/postman/sending-api-requests/responses/",
		"to": "/docs/sending-requests/responses/"
	},
	{
		"from": "/docs/postman/sending-api-requests/troubleshooting-api-requests/",
		"to": "/docs/sending-requests/troubleshooting-api-requests/"
	},
	{
		"from": "/docs/postman/sending-api-requests/validating-requests-against-schema/",
		"to": "/docs/designing-and-developing-your-api/developing-an-api/validating-elements-against-schema/"
	},
	{
		"from": "/docs/postman/sending-api-requests/visualizer/",
		"to": "/docs/sending-requests/visualizer/"
	},
	{
		"from": "/docs/postman/sending-api-requests/working-with-tabs/",
		"to": "/docs/getting-started/navigating-postman/"
	},
	{
		"from": "/docs/postman/sending_api_requests/authorization/",
		"to": "/docs/sending-requests/authorization/"
	},
	{
		"from": "/docs/postman/sending_api_requests/capturing_http_requests/",
		"to": "/docs/sending-requests/capturing-request-data/capturing-http-requests/"
	},
	{
		"from": "/docs/postman/sending_api_requests/certificates/",
		"to": "/docs/sending-requests/certificates/"
	},
	{
		"from": "/docs/postman/sending_api_requests/cookies/",
		"to": "/docs/sending-requests/cookies/"
	},
	{
		"from": "/docs/postman/sending_api_requests/debugging_and_logs/",
		"to": "/docs/sending-requests/troubleshooting-api-requests/"
	},
	{
		"from": "/docs/postman/sending_api_requests/generate_code_snippets/",
		"to": "/docs/sending-requests/generate-code-snippets/"
	},
	{
		"from": "/docs/postman/sending_api_requests/graphql/",
		"to": "/docs/sending-requests/graphql/graphql/"
	},
	{
		"from": "/docs/postman/sending_api_requests/history/",
		"to": "/docs/getting-started/navigating-postman/"
	},
	{
		"from": "/docs/postman/sending_api_requests/interceptor/",
		"to": "/docs/sending-requests/capturing-request-data/interceptor/"
	},
	{
		"from": "/docs/postman/sending_api_requests/interceptor_extension/",
		"to": "/docs/sending-requests/capturing-request-data/interceptor/"
	},
	{
		"from": "/docs/postman/sending_api_requests/making_soap_requests/",
		"to": "/docs/sending-requests/soap/making-soap-requests/"
	},
	{
		"from": "/docs/postman/sending_api_requests/proxy/",
		"to": "/docs/getting-started/proxy/"
	},
	{
		"from": "/docs/postman/sending_api_requests/requests/",
		"to": "/docs/sending-requests/requests/"
	},
	{
		"from": "/docs/postman/sending_api_requests/responses/",
		"to": "/docs/sending-requests/responses/"
	},
	{
		"from": "/docs/postman/sending_api_requests/troubleshooting_api_requests/",
		"to": "/docs/sending-requests/troubleshooting-api-requests/"
	},
	{
		"from": "/docs/postman/sending_api_requests/validating_requests_against_schema/",
		"to": "/docs/designing-and-developing-your-api/developing-an-api/validating-elements-against-schema/"
	},
	{
		"from": "/docs/postman/sending_api_requests/visualizer/",
		"to": "/docs/sending-requests/visualizer/"
	},
	{
		"from": "/docs/postman/sending_api_requests/working_with_tabs/",
		"to": "/docs/getting-started/navigating-postman/"
	},
	{
		"from": "/docs/postman/team-library/activity-feed-and-restoring-collections/",
		"to": "https://github.com/postmanlabs/postman-docs/blob/9ae76e2efe0a31e08646d5e2e96a42fe67e14573/src/pages/docs/postman/team-library/activity-feed-and-restoring-collections.md"
	},
	{
		"from": "/docs/postman/team-library/conflicts/",
		"to": "https://github.com/postmanlabs/postman-docs/blob/9ae76e2efe0a31e08646d5e2e96a42fe67e14573/src/pages/docs/postman/team-library/conflicts.md"
	},
	{
		"from": "/docs/postman/team-library/searching/",
		"to": "https://github.com/postmanlabs/postman-docs/blob/9ae76e2efe0a31e08646d5e2e96a42fe67e14573/src/pages/docs/postman/team-library/searching.md"
	},
	{
		"from": "/docs/postman/team-library/setting-up-team-library/",
		"to": "https://github.com/postmanlabs/postman-docs/blob/9ae76e2efe0a31e08646d5e2e96a42fe67e14573/src/pages/docs/postman/team-library/setting-up-team-library.md"
	},
	{
		"from": "/docs/postman/team-library/sharing-collections-in-workspaces-for-version-5/",
		"to": "https://github.com/postmanlabs/postman-docs/blob/9ae76e2efe0a31e08646d5e2e96a42fe67e14573/src/pages/docs/postman/team-library/sharing-collections-in-workspaces-for-version-5.md"
	},
	{
		"from": "/docs/postman/team-library/sharing/",
		"to": "https://github.com/postmanlabs/postman-docs/blob/9ae76e2efe0a31e08646d5e2e96a42fe67e14573/src/pages/docs/postman/team-library/sharing.md"
	},
	{
		"from": "/docs/postman/team_library/activity_feed_and_restoring_collections/",
		"to": "https://github.com/postmanlabs/postman-docs/blob/9ae76e2efe0a31e08646d5e2e96a42fe67e14573/src/pages/docs/postman/team-library/activity-feed-and-restoring-collections.md"
	},
	{
		"from": "/docs/postman/team_library/conflicts/",
		"to": "https://github.com/postmanlabs/postman-docs/blob/9ae76e2efe0a31e08646d5e2e96a42fe67e14573/src/pages/docs/postman/team-library/conflicts.md"
	},
	{
		"from": "/docs/postman/team_library/searching/",
		"to": "https://github.com/postmanlabs/postman-docs/blob/9ae76e2efe0a31e08646d5e2e96a42fe67e14573/src/pages/docs/postman/team-library/searching.md"
	},
	{
		"from": "/docs/postman/team_library/setting_up_team_library/",
		"to": "https://github.com/postmanlabs/postman-docs/blob/9ae76e2efe0a31e08646d5e2e96a42fe67e14573/src/pages/docs/postman/team-library/setting-up-team-library.md"
	},
	{
		"from": "/docs/postman/team_library/sharing/",
		"to": "https://github.com/postmanlabs/postman-docs/blob/9ae76e2efe0a31e08646d5e2e96a42fe67e14573/src/pages/docs/postman/team-library/sharing.md"
	},
	{
		"from": "/docs/postman/team_library/sharing_collections_in_workspaces_for_version_5/",
		"to": "https://github.com/postmanlabs/postman-docs/blob/9ae76e2efe0a31e08646d5e2e96a42fe67e14573/src/pages/docs/postman/team-library/sharing-collections-in-workspaces-for-version-5.md"
	},
	{
		"from": "/docs/postman/variables-and-environments/managing-environments/",
		"to": "/docs/sending-requests/managing-environments/"
	},
	{
		"from": "/docs/postman/variables-and-environments/variables-list/",
		"to": "/docs/writing-scripts/script-references/variables-list/"
	},
	{
		"from": "/docs/postman/variables-and-environments/variables/",
		"to": "/docs/sending-requests/variables/"
	},
	{
		"from": "/docs/postman/variables_and_environments/managing_environments/",
		"to": "/docs/sending-requests/managing-environments/"
	},
	{
		"from": "/docs/postman/variables_and_environments/variables/",
		"to": "/docs/sending-requests/variables/"
	},
	{
		"from": "/docs/postman/variables_and_environments/variables_list/",
		"to": "/docs/writing-scripts/script-references/variables-list/"
	},
	{
		"from": "/docs/postman/workspaces/activity-feed-and-restoring-collections/",
		"to": "/docs/collaborating-in-postman/using-workspaces/changelog-and-restoring-collections/"
	},
	{
		"from": "/docs/postman/workspaces/activity_feed_and_restoring_collections/",
		"to": "/docs/collaborating-in-postman/using-workspaces/changelog-and-restoring-collections/"
	},
	{
		"from": "/docs/postman/workspaces/changelog-and-restoring-collections/",
		"to": "/docs/collaborating-in-postman/using-workspaces/changelog-and-restoring-collections/"
	},
	{
		"from": "/docs/postman/workspaces/changelog_and_restoring_collections/",
		"to": "/docs/collaborating-in-postman/using-workspaces/changelog-and-restoring-collections/"
	},
	{
		"from": "/docs/postman/workspaces/conflicts/",
		"to": "/docs/collaborating-in-postman/using-workspaces/conflicts/"
	},
	{
		"from": "/docs/postman/workspaces/creating-workspaces/",
		"to": "/docs/collaborating-in-postman/using-workspaces/creating-workspaces/"
	},
	{
		"from": "/docs/postman/workspaces/creating_workspaces/",
		"to": "/docs/collaborating-in-postman/using-workspaces/creating-workspaces/"
	},
	{
		"from": "/docs/postman/workspaces/intro-to-workspaces/",
		"to": "/docs/collaborating-in-postman/using-workspaces/creating-workspaces/"
	},
	{
		"from": "/docs/postman/workspaces/intro_to_workspaces/",
		"to": "/docs/collaborating-in-postman/using-workspaces/creating-workspaces/"
	},
	{
		"from": "/docs/postman/workspaces/managing-workspaces/",
		"to": "/docs/collaborating-in-postman/using-workspaces/managing-workspaces/"
	},
	{
		"from": "/docs/postman/workspaces/managing_workspaces/",
		"to": "/docs/collaborating-in-postman/using-workspaces/managing-workspaces/"
	},
	{
		"from": "/docs/postman/workspaces/sharing-collections-in-workspaces-for-version-5/",
		"to": "https://github.com/postmanlabs/postman-docs/blob/9ae76e2efe0a31e08646d5e2e96a42fe67e14573/src/pages/docs/postman/team-library/sharing-collections-in-workspaces-for-version-5.md"
	},
	{
		"from": "/docs/postman/workspaces/sharing_collections_in_workspaces_for_version_5/",
		"to": "https://github.com/postmanlabs/postman-docs/blob/9ae76e2efe0a31e08646d5e2e96a42fe67e14573/src/pages/docs/postman/team-library/sharing-collections-in-workspaces-for-version-5.md"
	},
	{
		"from": "/docs/postman/workspaces/using-workspaces/",
		"to": "/docs/collaborating-in-postman/using-workspaces/managing-workspaces/"
	},
	{
		"from": "/docs/postman/workspaces/using_workspaces/",
		"to": "/docs/collaborating-in-postman/using-workspaces/managing-workspaces/"
	},
	{
		"from": "/docs/postman_enterprise/audit_logs/",
		"to": "/docs/administration/audit-logs/"
	},
	{
		"from": "/docs/postman_enterprise/intro_to_enterprise/",
		"to": "/docs/administration/buying/"
	},
	{
		"from": "/docs/postman_enterprise/purchasing_enterprise/",
		"to": "/docs/administration/buying/"
	},
	{
		"from": "/docs/postman_enterprise/sso/admin_sso/",
		"to": "/docs/administration/sso/admin-sso/"
	},
	{
		"from": "/docs/postman_enterprise/sso/intro_sso/",
		"to": "/docs/administration/sso/intro-sso/"
	},
	{
		"from": "/docs/postman_enterprise/sso/microsoft_adfs/",
		"to": "/docs/administration/sso/microsoft-adfs/"
	},
	{
		"from": "/docs/postman_enterprise/sso/saml_duo/",
		"to": "/docs/administration/sso/saml-duo/"
	},
	{
		"from": "/docs/postman_enterprise/sso/saml_gsuite/",
		"to": "/docs/administration/sso/saml-gsuite/"
	},
	{
		"from": "/docs/postman_enterprise/sso/saml_in_azure_ad/",
		"to": "/docs/administration/sso/saml-in-azure-ad/"
	},
	{
		"from": "/docs/postman_enterprise/sso/saml_okta/",
		"to": "/docs/administration/sso/saml-okta/"
	},
	{
		"from": "/docs/postman_enterprise/sso/saml_onelogin/",
		"to": "/docs/administration/sso/saml-onelogin/"
	},
	{
		"from": "/docs/postman_enterprise/sso/saml_ping/",
		"to": "/docs/administration/sso/saml-ping/"
	},
	{
		"from": "/docs/postman_enterprise/sso/user_sso/",
		"to": "/docs/administration/sso/user-sso/"
	},
	{
		"from": "/docs/postman_enterprise/using_static_IPs_to_monitor/",
		"to": "/docs/monitoring-your-api/using-static-IPs-to-monitor/"
	},
	{
		"from": "/docs/postman_for_publishers/api_network/add_api_network/",
		"to": "/docs/publishing-your-api/authoring-your-documentation/"
	},
	{
		"from": "/docs/postman_for_publishers/api_network/api_submission_guidelines/",
		"to": "/docs/publishing-your-api/api-submission-guidelines/"
	},
	{
		"from": "/docs/postman_for_publishers/postman_templates/add_templates/",
		"to": "/docs/publishing-your-api/add-templates/"
	},
	{
		"from": "/docs/postman_for_publishers/postman_templates/template_guidelines/",
		"to": "/docs/publishing-your-api/api-submission-guidelines/"
	},
	{
		"from": "/docs/postman_for_publishers/public_api_docs/",
		"to": "/docs/publishing-your-api/publishing-your-docs/"
	},
	{
		"from": "/docs/postman_for_publishers/run_button/collections_run_button/",
		"to": "/docs/publishing-your-api/run-in-postman/creating-run-button/"
	},
	{
		"from": "/docs/postman_for_publishers/run_button/creating_run_button/",
		"to": "/docs/publishing-your-api/run-in-postman/creating-run-button/"
	},
	{
		"from": "/docs/postman_for_publishers/run_button/environments_run_button/",
		"to": "/docs/publishing-your-api/run-in-postman/creating-run-button/"
	},
	{
		"from": "/docs/postman_for_publishers/run_button/run_button_API/",
		"to": "/docs/publishing-your-api/run-in-postman/run-button-API/"
	},
	{
		"from": "/docs/postman_for_publishers/run_button/security/",
		"to": "/docs/publishing-your-api/run-in-postman/introduction-run-button/"
	},
	{
		"from": "/docs/postman_for_publishers/run_button/using_run_button/",
		"to": "/docs/publishing-your-api/run-in-postman/introduction-run-button/"
	},
	{
		"from": "/docs/postman_for_publishers/run_in_postman/collections_run_button/",
		"to": "/docs/publishing-your-api/run-in-postman/creating-run-button/"
	},
	{
		"from": "/docs/postman_for_publishers/run_in_postman/creating_run_button/",
		"to": "/docs/publishing-your-api/run-in-postman/creating-run-button/"
	},
	{
		"from": "/docs/postman_for_publishers/run_in_postman/environments_run_button/",
		"to": "/docs/publishing-your-api/run-in-postman/creating-run-button/"
	},
	{
		"from": "/docs/postman_for_publishers/run_in_postman/introduction_run_button/",
		"to": "/docs/publishing-your-api/run-in-postman/introduction-run-button/"
	},
	{
		"from": "/docs/postman_for_publishers/run_in_postman/run_button_API/",
		"to": "/docs/publishing-your-api/run-in-postman/run-button-API/"
	},
	{
		"from": "/docs/postman_for_publishers/run_in_postman/security/",
		"to": "/docs/publishing-your-api/run-in-postman/introduction-run-button/"
	},
	{
		"from": "/docs/postman_for_publishers/run_in_postman/using_run_button/",
		"to": "/docs/publishing-your-api/run-in-postman/introduction-run-button/"
	},
	{
		"from": "/docs/postman_pro/integrations/apimatic/",
		"to": "/docs/integrations/available-integrations/apimatic/"
	},
	{
		"from": "/docs/postman_pro/integrations/bigpanda/",
		"to": "/docs/integrations/available-integrations/bigpanda/"
	},
	{
		"from": "/docs/postman_pro/integrations/coralogix/",
		"to": "/docs/integrations/available-integrations/coralogix/"
	},
	{
		"from": "/docs/postman_pro/integrations/custom_webhooks/",
		"to": "/docs/integrations/webhooks/"
	},
	{
		"from": "/docs/postman_pro/integrations/dropbox/",
		"to": "/docs/integrations/available-integrations/dropbox/"
	},
	{
		"from": "/docs/postman_pro/integrations/github/",
		"to": "/docs/integrations/available-integrations/github/"
	},
	{
		"from": "/docs/postman_pro/integrations/gitlab/",
		"to": "/docs/integrations/available-integrations/gitlab/"
	},
	{
		"from": "/docs/postman_pro/integrations/hipchat/",
		"to": "/docs/integrations/intro-integrations/"
	},
	{
		"from": "/docs/postman_pro/integrations/intro_integrations/",
		"to": "/docs/integrations/intro-integrations/"
	},
	{
		"from": "/docs/postman_pro/integrations/keen/",
		"to": "/docs/integrations/available-integrations/keen/"
	},
	{
		"from": "/docs/postman_pro/integrations/microsoft_flow/",
		"to": "/docs/integrations/available-integrations/microsoft-flow/"
	},
	{
		"from": "/docs/postman_pro/integrations/microsoft_teams/",
		"to": "/docs/integrations/available-integrations/microsoft-teams/"
	},
	{
		"from": "/docs/postman_pro/integrations/pagerduty/",
		"to": "/docs/integrations/available-integrations/pagerduty/"
	},
	{
		"from": "/docs/postman_pro/integrations/slack/",
		"to": "/docs/integrations/available-integrations/slack/"
	},
	{
		"from": "/docs/postman_pro/integrations/victorops/",
		"to": "/docs/integrations/available-integrations/victorops/"
	},
	{
		"from": "/docs/postman_pro/integrations/webhooks/",
		"to": "/docs/integrations/webhooks/"
	},
	{
		"from": "/docs/postman_pro/managing_postman_pro/managing_your_team/",
		"to": "/docs/administration/managing-your-team/managing-your-team/"
	},
	{
		"from": "/docs/postman_pro/managing_postman_pro/migrating_to_v7/",
		"to": "/docs/administration/upgrading/"
	},
	{
		"from": "/docs/postman_pro/managing_postman_pro/roles_and_permissions/",
		"to": "/docs/collaborating-in-postman/roles-and-permissions/"
	},
	{
		"from": "/docs/postman_pro/managing_pro/billing/",
		"to": "/docs/administration/billing/"
	},
	{
		"from": "/docs/postman_pro/managing_pro/billing_and_pricing/",
		"to": "/docs/administration/billing/"
	},
	{
		"from": "/docs/postman_pro/managing_pro/buying/",
		"to": "/docs/administration/buying/"
	},
	{
		"from": "/docs/postman_pro/managing_pro/changing_your_plan/",
		"to": "/docs/administration/billing/"
	},
	{
		"from": "/docs/postman_pro/managing_pro/inviting_and_managing/",
		"to": "/docs/administration/managing-your-team/managing-your-team/"
	},
	{
		"from": "/docs/postman_pro/managing_pro/managing_your_billing/",
		"to": "/docs/administration/billing/"
	},
	{
		"from": "/docs/postman_pro/managing_pro/managing_your_team/",
		"to": "/docs/administration/managing-your-team/managing-your-team/"
	},
	{
		"from": "/docs/postman_pro/managing_pro/migrating_to_v7/",
		"to": "/docs/administration/upgrading/"
	},
	{
		"from": "/docs/postman_pro/managing_pro/purchasing_pro/",
		"to": "/docs/administration/buying/"
	},
	{
		"from": "/docs/postman_pro/managing_pro/roles_and_permissions/",
		"to": "/docs/collaborating-in-postman/roles-and-permissions/"
	},
	{
		"from": "/docs/postman_pro/managing_pro/team_settings/",
		"to": "/docs/administration/team-settings/"
	},
	{
		"from": "/docs/postman_pro/managing_pro/upgrading_to_postman_pro_from_a_trial_team/",
		"to": "/docs/administration/buying/"
	},
	{
		"from": "/docs/postman_pro/what_is_pro/",
		"to": "/docs/administration/buying/"
	},
	{
		"from": "/docs/publishing-your-api/",
		"to": "/docs/publishing-your-api/documenting-your-api/"
	},
	{
		"from": "/docs/publishing-your-api/run-in-postman/",
		"to": "/docs/publishing-your-api/run-in-postman/introduction-run-button/"
	},
	{
		"from": "/docs/publishing_your_api/",
		"to": "/docs/publishing-your-api/documenting-your-api/"
	},
	{
		"from": "/docs/publishing_your_api/run_in_postman/",
		"to": "/docs/publishing-your-api/run-in-postman/introduction-run-button/"
	},
	{
		"from": "/docs/running-collections/",
		"to": "/docs/running-collections/intro-to-collection-runs/"
	},
	{
		"from": "/docs/running-collections/using-newman-cli/",
		"to": "/docs/running-collections/using-newman-cli/command-line-integration-with-newman/"
	},
	{
		"from": "/docs/running_collections/",
		"to": "/docs/running-collections/intro-to-collection-runs/"
	},
	{
		"from": "/docs/running_collections/using_newman_cli/",
		"to": "/docs/running-collections/using-newman-cli/command-line-integration-with-newman/"
	},
	{
		"from": "/docs/sending-and-viewing-responses/responses/",
		"to": "/docs/sending-requests/responses/"
	},
	{
		"from": "/docs/sending-requests/",
		"to": "/docs/sending-requests/requests/"
	},
	{
		"from": "/docs/sending-requests/capturing-request-data/",
		"to": "/docs/sending-requests/capturing-request-data/capturing-http-requests/"
	},
	{
		"from": "/docs/sending-requests/supported-api-frameworks/",
		"to": "/docs/sending-requests/graphql/graphql/"
	},
	{
		"from": "/docs/sending_and_viewing_responses/responses/",
		"to": "/docs/sending-requests/responses/"
	},
	{
		"from": "/docs/sending_requests/",
		"to": "/docs/sending-requests/requests/"
	},
	{
		"from": "/docs/sending_requests/capturing_request_data/",
		"to": "/docs/sending-requests/capturing-request-data/capturing-http-requests/"
	},
	{
		"from": "/docs/sending_requests/supported_api_frameworks/",
		"to": "/docs/sending-requests/graphql/graphql/"
	},
	{
		"from": "/docs/writing-scripts/",
		"to": "/docs/writing-scripts/intro-to-scripts/"
	},
	{
		"from": "/docs/writing-scripts/script-references/",
		"to": "/docs/writing-scripts/script-references/test-examples/"
	},
	{
		"from": "/docs/writing_scripts/",
		"to": "/docs/writing-scripts/intro-to-scripts/"
	},
	{
		"from": "/docs/writing_scripts/script_references/",
		"to": "/docs/writing-scripts/script-references/test-examples/"
	},
	{
		"from": "/getting-started/",
		"to": "/docs/"
	},
	{
		"from": "/getting_started/",
		"to": "/docs/"
	},
	{
		"from": "/qa/",
		"to": "/docs/"
	},
	{
		"from": "/reference/",
		"to": "/docs/developer/resources-intro/"
	},
	{
		"from": "/docs/integrations/available-integrations/hipchat/",
		"to": "/docs/integrations/intro-integrations/"
	},
	{
		"from": "/docs/administration/migrating-to-v7/",
		"to": "/docs/administration/upgrading/"
	},
	{
		"from": "/docs/administration/managing-your-team/",
		"to": "/docs/administration/managing-your-team/managing-your-team/"
	},
	{
		"from": "/docs/publishing-your-api/add-api-network/",
		"to": "/docs/publishing-your-api/authoring-your-documentation/"
	},
	{
		"from": "/docs/integrations/available-integrations/microsoft-flow/",
		"to": "/docs/integrations/available-integrations/microsoft-power-automate/"
	},
	{
		"from": "/docs/publishing-your-api/add-templates/",
		"to": "/docs/publishing-your-api/authoring-your-documentation/"
	},
	{
		"from": "/docs/publishing-your-api/publish-public-api/",
		"to": "/docs/publishing-your-api/authoring-your-documentation/"
	},
	{
		"from": "/docs/publishing-your-api/api-submission-guidelines/",
		"to": "/docs/publishing-your-api/authoring-your-documentation/"
	},
	{
		"from": "/docs/integrations/available-integrations/victorops/",
		"to": "/docs/integrations/available-integrations/splunk-on-call/"
	},
	{
		"from": "/docs/api-security/",
		"to": "/docs/api-governance/api-governance-overview/"
	},
	{
		"from": "/docs/api-security/security-warnings/",
		"to": "/docs/api-governance/api-definition/api-definition-warnings/"
	},
	{
		"from": "/docs/api-security/security-warnings/security-warnings-overview/",
		"to": "/docs/api-governance/api-definition/api-definition-warnings/"
	},
	{
		"from": "/docs/api-security/security-warnings/openapi3/",
		"to": "/docs/api-governance/api-definition/openapi3/"
	},
	{
		"from": "/docs/api-security/security-warnings/openapi2/",
		"to": "/docs/api-governance/api-definition/openapi2/"
	},
	{
		"from": "/docs/api-security/token-scanner/",
		"to": "/docs/administration/token-scanner/"
	},
	{
		"from": "/docs/api-governance/api-testing/",
		"to": "/docs/api-governance/api-testing/api-testing-warnings/"
	},
	{
		"from": "/docs/designing-and-developing-your-api/watching-an-api/",
		"to": "/docs/designing-and-developing-your-api/managing-apis/"
	},
	{
		"from": "/docs/getting-started/importing-templates/",
		"to": "/docs/getting-started/exploring-public-api-network/"
	},
	{
		"from": "/docs/designing-and-developing-your-api/monitoring-your-api/faqs-monitors/",
		"to": "/docs/monitoring-your-api/faqs-monitors/"
	},
	{
		"from": "/docs/designing-and-developing-your-api/monitoring-your-api/integrations-for-alerts/",
		"to": "/docs/running-collections/collection-webhooks/"
	},
	{
		"from": "/docs/designing-and-developing-your-api/monitoring-your-api/intro-monitors/",
		"to": "/docs/monitoring-your-api/intro-monitors/"
	},
	{
		"from": "/docs/designing-and-developing-your-api/monitoring-your-api/monitoring-apis-websites/",
		"to": "/docs/writing-scripts/test-with-monitors/"
	},
	{
		"from": "/docs/designing-and-developing-your-api/monitoring-your-api/setting-up-monitor/",
		"to": "/docs/monitoring-your-api/setting-up-monitor/"
	},
	{
		"from": "/docs/designing-and-developing-your-api/monitoring-your-api/troubleshooting-monitors/",
		"to": "/docs/monitoring-your-api/troubleshooting-monitors/"
	},
	{
		"from": "/docs/designing-and-developing-your-api/monitoring-your-api/using-static-IPs-to-monitor/",
		"to": "/docs/monitoring-your-api/using-static-IPs-to-monitor/"
	},
	{
		"from": "/docs/designing-and-developing-your-api/monitoring-your-api/viewing-monitor-results/",
		"to": "/docs/monitoring-your-api/viewing-monitor-results/"
	},
	{
		"from": "/docs/sending-requests/authorization/#inheriting-auth",
		"to": "/docs/sending-requests/authorization/#inheriting-authorization"
	},
	{
		"from": "/docs/monitoring-your-api/integrations-for-alerts/",
		"to": "/docs/running-collections/collection-webhooks/"
	},
	{
		"from": "/docs/monitoring-your-api/monitoring-apis-websites/",
		"to": "/docs/writing-scripts/test-with-monitors/"
	},
	{
		"from": "/docs/designing-and-developing-your-api/deploying-an-api/",
		"to": "/docs/designing-and-developing-your-api/deploying-an-api/deploying-an-api-overview/"
	},
	{
		"from": "/docs/sending-requests/capturing-request-data/proxy/",
		"to": "/docs/getting-started/proxy/"
	},
	{
		"from": "/docs/administration/managing-your-team/configuring-scim/",
		"to": "/docs/administration/scim-provisioning/scim-provisioning-overview/"
	},
	{
		"from": "/docs/administration/sso/saml-in-azure-ad/",
		"to": "/docs/administration/sso/azure-ad/"
	},
	{
		"from": "/docs/administration/sso/saml-onelogin/",
		"to": "/docs/administration/sso/onelogin/"
	},
	{
		"from": "/docs/administration/sso/saml-duo/",
		"to": "/docs/administration/sso/duo/"
	},
	{
		"from": "/docs/administration/sso/saml-gsuite/",
		"to": "/docs/administration/sso/google-workspace/"
	},
	{
		"from": "/docs/administration/sso/saml-okta/",
		"to": "/docs/administration/sso/okta/"
	},
	{
		"from": "/docs/administration/sso/saml-ping/",
		"to": "/docs/administration/sso/ping-identity/"
	},
	{
		"from": "/docs/collaborating-in-postman/version-control-for-collections/",
		"to": "/docs/collaborating-in-postman/version-control/"
	},
	{
		"from": "/docs/designing-and-developing-your-api/view-and-analyze-api-reports/",
		"to": "/docs/reports/reports-overview/"
	},
	{
		"from": "/docs/designing-and-developing-your-api/versioning-an-api/",
		"to": "/docs/designing-and-developing-your-api/versioning-an-api/versioning-an-api-overview/"
	},
	{
		"from": "/docs/administration/upgrading/",
		"to": "/docs/administration/updating/"
	},
	{
		"from": "/docs/collaborating-in-postman/collaboration-intro/",
		"to": "/docs/collaborating-in-postman/working-with-your-team/collaboration-overview/"
	},
	{
		"from": "/docs/collaborating-in-postman/commenting-on-collections/",
		"to": "/docs/collaborating-in-postman/working-with-your-team/discussing-your-work/"
	},
	{
		"from": "/docs/designing-and-developing-your-api/observing-an-api/",
		"to": "/docs/designing-and-developing-your-api/observing-an-api/observing-an-api/"
	},
	{
		"from": "/docs/sending-requests/supported-api-frameworks/graphql/",
		"to": "/docs/sending-requests/graphql/graphql/"
	},
	{
		"from": "/docs/sending-requests/supported-api-frameworks/websocket/",
		"to": "/docs/sending-requests/websocket/websocket/"
	},
	{
		"from": "/docs/sending-requests/supported-api-frameworks/making-soap-requests/",
		"to": "/docs/sending-requests/soap/making-soap-requests/"
	},
	{
		"from": "/docs/designing-and-developing-your-api/versioning-an-api/api-statuses/",
		"to": "/docs/designing-and-developing-your-api/versioning-an-api/versioning-an-api-overview/"
	},
	{
		"from": "/docs/designing-and-developing-your-api/defining-an-api/",
		"to": "/docs/designing-and-developing-your-api/developing-an-api/defining-an-api/"
	},
	{
		"from": "/docs/designing-and-developing-your-api/developing-an-api/",
		"to": "/docs/designing-and-developing-your-api/developing-an-api/adding-api-elements/"
	},
	{
		"from": "/docs/designing-and-developing-your-api/generating-server-code/",
		"to": "/docs/designing-and-developing-your-api/developing-an-api/generating-server-code/"
	},
	{
		"from": "/docs/designing-and-developing-your-api/versioning-an-api/api-releases/",
		"to": "/docs/designing-and-developing-your-api/versioning-an-api/api-versions/"
	},
	{
		"from": "/docs/designing-and-developing-your-api/validating-elements-against-schema/",
		"to": "/docs/designing-and-developing-your-api/developing-an-api/validating-elements-against-schema/"
	}
]
